Timestamp UNIX,Timestamp Local, X,Y, Left Pupil Diameter, Right Pupil Diameter, Gaze on Left, Gaze on Middle, Gaze on Right
'1715137167465,'2024-05-08 12:59:27.465,-198.0616,-94.95619,3.419907,3.797394,1,1,0,0,0
'1715137167478,'2024-05-08 12:59:27.478,-197.7396,-93.77479,3.424881,3.794724,1,1,0,0,0
'1715137167486,'2024-05-08 12:59:27.486,-197.5521,-93.75777,3.435532,3.796982,1,1,0,0,0
'1715137167504,'2024-05-08 12:59:27.504,-197.0751,-93.47328,3.447174,3.800735,1,1,0,0,0
'1715137167522,'2024-05-08 12:59:27.522,-197.0158,-92.87744,3.447266,3.801819,1,1,0,0,0
'1715137167531,'2024-05-08 12:59:27.531,-196.8319,-91.74185,3.45108,3.811401,1,1,0,0,0
'1715137167549,'2024-05-08 12:59:27.549,-196.213,-91.73034,3.4478,3.815887,1,1,0,0,0
'1715137167558,'2024-05-08 12:59:27.558,-196.2193,-90.75993,3.447815,3.82077,1,1,0,0,0
'1715137167576,'2024-05-08 12:59:27.576,-196.2934,-91.63293,3.447723,3.864868,1,1,0,0,0
'1715137167585,'2024-05-08 12:59:27.585,-196.1168,-91.28104,3.447952,3.864609,1,1,0,0,0
'1715137167594,'2024-05-08 12:59:27.594,-195.8465,-89.27681,3.451233,3.872101,1,1,0,0,0
'1715137167612,'2024-05-08 12:59:27.612,-195.2818,-89.20536,3.458481,3.876343,1,1,0,0,0
'1715137167621,'2024-05-08 12:59:27.621,-160.2114,-81.7274,3.491577,3.820496,1,1,0,0,0
'1715137167638,'2024-05-08 12:59:27.638,-77.25453,-49.80112,3.39505,3.831329,1,1,0,1,0
'1715137167647,'2024-05-08 12:59:27.647,-46.09791,-45.27913,3.326263,3.687134,1,1,0,1,0
'1715137167665,'2024-05-08 12:59:27.665,3.651725,-18.86965,3.360443,3.611038,1,1,0,1,0
'1715137167674,'2024-05-08 12:59:27.674,-1.977883,-2.206384,3.452347,3.692108,1,1,0,1,0
'1715137167691,'2024-05-08 12:59:27.691,-17.38325,-15.38998,3.318527,3.617722,1,1,0,1,0
'1715137167700,'2024-05-08 12:59:27.700,-28.10588,-10.78608,3.489014,3.636932,1,1,0,1,0
'1715137167718,'2024-05-08 12:59:27.718,-32.39059,-25.94372,3.18959,3.594818,1,1,0,1,0
'1715137167727,'2024-05-08 12:59:27.727,-30.64292,-25.35807,3.248749,3.596909,1,1,0,1,0
'1715137167745,'2024-05-08 12:59:27.745,-19.94507,-21.74395,3.314957,3.588852,1,1,0,1,0
'1715137167754,'2024-05-08 12:59:27.754,-32.76117,-20.70544,3.314056,3.59465,1,1,0,1,0
'1715137167763,'2024-05-08 12:59:27.763,-33.93907,-20.31468,3.307495,3.579514,1,1,0,1,0
'1715137167781,'2024-05-08 12:59:27.781,-24.39597,-21.09973,3.275192,3.544815,1,1,0,1,0
'1715137167789,'2024-05-08 12:59:27.789,-24.7407,-20.05768,3.270737,3.525894,1,1,0,1,0
'1715137167807,'2024-05-08 12:59:27.807,-25.08664,-21.19744,3.25177,3.518402,1,1,0,1,0
'1715137167816,'2024-05-08 12:59:27.816,-26.83358,-20.34945,3.240891,3.515472,1,1,0,1,0
'1715137167834,'2024-05-08 12:59:27.834,-27.15441,-15.61355,3.229355,3.495132,1,1,0,1,0
'1715137167843,'2024-05-08 12:59:27.843,-26.98797,-15.20783,3.229279,3.463501,1,1,0,1,0
'1715137167861,'2024-05-08 12:59:27.861,-27.34773,-14.98931,3.183578,3.442978,1,1,0,1,0
'1715137167870,'2024-05-08 12:59:27.870,-27.35972,-13.96368,3.183578,3.425888,1,1,0,1,0
'1715137167879,'2024-05-08 12:59:27.879,-26.84521,-15.29677,3.144516,3.345749,1,1,0,1,0
'1715137167895,'2024-05-08 12:59:27.895,-25.37206,-12.78959,3.105988,3.295944,1,1,0,1,0
'1715137167904,'2024-05-08 12:59:27.904,-24.70589,-11.61167,3.078171,3.280563,1,1,0,1,0
'1715137167922,'2024-05-08 12:59:27.922,-24.5135,-9.641333,3.061279,3.240753,1,1,0,1,0
'1715137167931,'2024-05-08 12:59:27.931,-25.19975,-8.369079,3.037415,3.233414,1,1,0,1,0
'1715137167948,'2024-05-08 12:59:27.948,-27.22792,-5.55845,3.003052,3.213699,1,1,0,1,0
'1715137167957,'2024-05-08 12:59:27.957,-29.24667,-6.708147,3.002655,3.184738,1,1,0,1,0
'1715137167975,'2024-05-08 12:59:27.975,-31.75684,-6.053209,2.960678,3.166214,1,1,0,1,0
'1715137167984,'2024-05-08 12:59:27.984,-38.03792,-7.870599,2.967285,3.162354,1,1,0,1,0
'1715137168002,'2024-05-08 12:59:28.002,-42.07759,-10.01373,2.926941,3.126953,1,1,0,1,0
'1715137168011,'2024-05-08 12:59:28.011,-35.35337,-8.227704,2.877701,3.107635,1,1,0,1,0
'1715137168020,'2024-05-08 12:59:28.020,-17.57779,-3.742874,2.852325,3.085114,1,1,0,1,0
'1715137168038,'2024-05-08 12:59:28.038,-12.62478,-3.389935,2.834625,3.072372,1,1,0,1,0
'1715137168047,'2024-05-08 12:59:28.047,-11.40771,-2.704875,2.833252,3.058426,1,1,0,1,0
'1715137168065,'2024-05-08 12:59:28.065,-13.59072,-3.270748,2.815857,3.029587,1,1,0,1,0
'1715137168074,'2024-05-08 12:59:28.074,-16.96158,-4.880506,2.814453,3.023911,1,1,0,1,0
'1715137168092,'2024-05-08 12:59:28.092,-11.80007,-8.003817,2.793961,3.00119,1,1,0,1,0
'1715137168101,'2024-05-08 12:59:28.101,-12.32812,-14.43126,2.714996,2.941605,1,1,0,1,0
'1715137168119,'2024-05-08 12:59:28.119,5.356931,0.2104297,2.698441,2.906006,1,1,0,1,0
'1715137168128,'2024-05-08 12:59:28.128,8.523359,-2.314454,2.673569,2.825363,1,1,0,1,0
'1715137168137,'2024-05-08 12:59:28.137,4.93502,-2.362199,2.67482,2.89772,1,1,0,1,0
'1715137168155,'2024-05-08 12:59:28.155,1.118505,-6.060733,2.661667,2.908081,1,1,0,1,0
'1715137168164,'2024-05-08 12:59:28.164,-0.9958189,-5.451047,2.668839,2.905685,1,1,0,1,0
'1715137168182,'2024-05-08 12:59:28.182,-14.05299,-8.604948,2.6689,2.900253,1,1,0,1,0
'1715137168191,'2024-05-08 12:59:28.191,-13.22646,-8.500834,2.663101,2.897598,1,1,0,1,0
'1715137168209,'2024-05-08 12:59:28.209,-11.55404,-7.888164,2.670364,2.887421,1,1,0,1,0
'1715137168218,'2024-05-08 12:59:28.218,-9.999642,-7.849757,2.672882,2.888794,1,1,0,1,0
'1715137168235,'2024-05-08 12:59:28.235,-8.814746,-7.564761,2.670227,2.882721,1,1,0,1,0
'1715137168244,'2024-05-08 12:59:28.244,-8.820884,-7.535412,2.670502,2.878052,1,1,0,1,0
'1715137168253,'2024-05-08 12:59:28.253,-9.88026,-7.464684,2.670105,2.87027,1,1,0,1,0
'1715137168271,'2024-05-08 12:59:28.271,-9.853381,-7.742975,2.670517,2.869461,1,1,0,1,0
'1715137168279,'2024-05-08 12:59:28.279,-9.36719,-7.269701,2.686188,2.864578,1,1,0,1,0
'1715137168297,'2024-05-08 12:59:28.297,-9.143695,-5.747359,2.679428,2.851852,1,1,0,1,0
'1715137168306,'2024-05-08 12:59:28.306,-8.668105,-5.701147,2.670837,2.852066,1,1,0,1,0
'1715137168324,'2024-05-08 12:59:28.324,-9.653462,-4.685441,2.680038,2.85202,1,1,0,1,0
'1715137168333,'2024-05-08 12:59:28.333,-9.450985,-6.093663,2.677872,2.851822,1,1,0,1,0
'1715137168351,'2024-05-08 12:59:28.351,-10.3148,-6.236688,2.677689,2.85112,1,1,0,1,0
'1715137168360,'2024-05-08 12:59:28.360,-10.27916,-5.078776,2.679779,2.851563,1,1,0,1,0
'1715137168378,'2024-05-08 12:59:28.378,-10.8132,-6.553607,2.675079,2.855606,1,1,0,1,0
'1715137168387,'2024-05-08 12:59:28.387,-10.85295,-7.465678,2.677795,2.855072,1,1,0,1,0
'1715137168396,'2024-05-08 12:59:28.396,-10.49362,-6.468496,2.675903,2.865677,1,1,0,1,0
'1715137168414,'2024-05-08 12:59:28.414,-11.30057,-7.329781,2.67627,2.875366,1,1,0,1,0
'1715137168422,'2024-05-08 12:59:28.422,-11.25097,-6.780934,2.679245,2.876328,1,1,0,1,0
'1715137168441,'2024-05-08 12:59:28.441,-13.83848,-5.80903,2.681519,2.892456,1,1,0,1,0
'1715137168450,'2024-05-08 12:59:28.450,-15.37546,-5.902741,2.686218,2.896362,1,1,0,1,0
'1715137168468,'2024-05-08 12:59:28.468,-18.24897,-5.61015,2.687317,2.914246,1,1,0,1,0
'1715137168477,'2024-05-08 12:59:28.477,-19.83991,-1.988231,2.719604,2.956467,1,1,0,1,0
'1715137168486,'2024-05-08 12:59:28.486,-5.169092,-3.180524,2.707794,2.978317,1,1,0,1,0
'1715137168504,'2024-05-08 12:59:28.504,-15.83195,-6.360661,2.715958,3.023895,1,1,0,1,0
'1715137168513,'2024-05-08 12:59:28.513,-18.12266,-6.93084,2.706207,3.015213,1,1,0,1,0
'1715137168531,'2024-05-08 12:59:28.531,-15.28338,-5.906345,2.707993,3.016235,1,1,0,1,0
'1715137168540,'2024-05-08 12:59:28.540,-10.58859,-4.139076,2.708618,3.023361,1,1,0,1,0
'1715137168558,'2024-05-08 12:59:28.558,3.445839,0.5434748,2.709473,3.023239,1,1,0,1,0
'1715137168567,'2024-05-08 12:59:28.567,-0.02175175,-0.7062057,2.709015,3.02417,1,1,0,1,0
'1715137168585,'2024-05-08 12:59:28.585,-0.5791288,-0.9263712,2.709549,3.029099,1,1,0,1,0
'1715137168594,'2024-05-08 12:59:28.594,-0.3953404,0.0297941,2.71402,3.026062,1,1,0,1,0
'1715137168603,'2024-05-08 12:59:28.603,-0.9650847,0.9178992,2.715927,3.03447,1,1,0,1,0
'1715137168621,'2024-05-08 12:59:28.621,-0.989372,2.891807,2.718994,3.047455,1,1,0,1,0
'1715137168639,'2024-05-08 12:59:28.639,-0.2625124,2.509776,2.722305,3.048065,1,1,0,1,0
'1715137168648,'2024-05-08 12:59:28.648,2.21456,2.538599,2.730789,3.062485,1,1,0,1,0
'1715137168666,'2024-05-08 12:59:28.666,3.403127,4.805459,2.737625,3.064148,1,1,0,1,0
'1715137168675,'2024-05-08 12:59:28.675,4.298276,5.077033,2.737503,3.070313,1,1,0,1,0
'1715137168693,'2024-05-08 12:59:28.693,3.759117,5.822348,2.744415,3.064987,1,1,0,1,0
'1715137168702,'2024-05-08 12:59:28.702,2.166834,6.092915,2.747757,3.063263,1,1,0,1,0
'1715137168720,'2024-05-08 12:59:28.720,0.7646841,5.728285,2.747742,3.070297,1,1,0,1,0
'1715137168729,'2024-05-08 12:59:28.729,-1.892058,4.240137,2.755249,3.071411,1,1,0,1,0
'1715137168746,'2024-05-08 12:59:28.746,-1.756431,4.630032,2.755325,3.071411,1,1,0,1,0
'1715137168755,'2024-05-08 12:59:28.755,-2.04736,3.313801,2.746033,3.07132,1,1,0,1,0
'1715137168773,'2024-05-08 12:59:28.773,-1.189405,3.414744,2.745911,3.089325,1,1,0,1,0
'1715137168782,'2024-05-08 12:59:28.782,-0.9573866,2.643322,2.753555,3.096619,1,1,0,1,0
'1715137168791,'2024-05-08 12:59:28.791,-2.904375,2.628436,2.747467,3.096985,1,1,0,1,0
'1715137168809,'2024-05-08 12:59:28.809,-1.548768,2.376827,2.747101,3.095428,1,1,0,1,0
'1715137168818,'2024-05-08 12:59:28.818,-1.390689,2.200896,2.746765,3.102722,1,1,0,1,0
'1715137168835,'2024-05-08 12:59:28.835,-0.7162818,2.373434,2.747482,3.101776,1,1,0,1,0
'1715137168844,'2024-05-08 12:59:28.844,0.340135,3.148577,2.748001,3.094284,1,1,0,1,0
'1715137168862,'2024-05-08 12:59:28.862,-0.1218026,3.277828,2.748505,3.101059,1,1,0,1,0
'1715137168870,'2024-05-08 12:59:28.870,-1.988093,3.061477,2.748703,3.103683,1,1,0,1,0
'1715137168887,'2024-05-08 12:59:28.887,-3.142129,2.66304,2.748474,3.105591,1,1,0,1,0
'1715137168896,'2024-05-08 12:59:28.896,-2.983844,2.880514,2.748444,3.106735,1,1,0,1,0
'1715137168913,'2024-05-08 12:59:28.913,-4.624541,2.926153,2.752274,3.10556,1,1,0,1,0
'1715137168922,'2024-05-08 12:59:28.922,-5.761127,3.226291,2.761063,3.107132,1,1,0,1,0
'1715137168932,'2024-05-08 12:59:28.932,-6.149285,3.145324,2.779861,3.112823,1,1,0,1,0
'1715137168950,'2024-05-08 12:59:28.950,-6.88826,4.07613,2.791122,3.123184,1,1,0,1,0
'1715137168959,'2024-05-08 12:59:28.959,-6.249784,3.659964,2.79425,3.140442,1,1,0,1,0
'1715137168976,'2024-05-08 12:59:28.976,-5.809174,3.703988,2.795105,3.139008,1,1,0,1,0
'1715137168985,'2024-05-08 12:59:28.985,-6.831138,4.609951,2.794998,3.148193,1,1,0,1,0
'1715137169002,'2024-05-08 12:59:29.002,-7.379992,5.156479,2.803375,3.148178,1,1,0,1,0
'1715137169011,'2024-05-08 12:59:29.011,-9.616061,5.77768,2.807953,3.148987,1,1,0,1,0
'1715137169029,'2024-05-08 12:59:29.029,-9.755074,5.855875,2.808258,3.149872,1,1,0,1,0
'1715137169038,'2024-05-08 12:59:29.038,-10.25457,6.818289,2.811508,3.15686,1,1,0,1,0
'1715137169056,'2024-05-08 12:59:29.056,-11.32368,7.662697,2.814133,3.151169,1,1,0,1,0
'1715137169065,'2024-05-08 12:59:29.065,-10.30457,8.027947,2.814178,3.14418,1,1,0,1,0
'1715137169083,'2024-05-08 12:59:29.083,-10.24793,8.754234,2.814377,3.152817,1,1,0,1,0
'1715137169091,'2024-05-08 12:59:29.091,-11.46506,8.567116,2.816422,3.145493,1,1,0,1,0
'1715137169109,'2024-05-08 12:59:29.109,-13.43568,6.940202,2.822815,3.128922,1,1,0,1,0
'1715137169118,'2024-05-08 12:59:29.118,-14.82496,7.246789,2.823776,3.121429,1,1,0,1,0
'1715137169127,'2024-05-08 12:59:29.127,-15.28431,7.575095,2.824219,3.152313,1,1,0,1,0
'1715137169145,'2024-05-08 12:59:29.145,-13.61603,7.420521,2.823685,3.154968,1,1,0,1,0
'1715137169154,'2024-05-08 12:59:29.154,-8.925811,6.542655,2.82753,3.152924,1,1,0,1,0
'1715137169172,'2024-05-08 12:59:29.172,-6.480621,6.267114,2.8237,3.150696,1,1,0,1,0
'1715137169181,'2024-05-08 12:59:29.181,-6.473336,5.855125,2.822418,3.15126,1,1,0,1,0
'1715137169199,'2024-05-08 12:59:29.199,-5.970097,5.099244,2.822418,3.154083,1,1,0,1,0
'1715137169208,'2024-05-08 12:59:29.208,-4.278497,4.648053,2.822144,3.145828,1,1,0,1,0
'1715137169226,'2024-05-08 12:59:29.226,-1.66971,2.838737,2.811539,3.144379,1,1,0,1,0
'1715137169235,'2024-05-08 12:59:29.235,1.987062,1.698671,2.799622,3.16423,1,1,0,1,0
'1715137169253,'2024-05-08 12:59:29.253,3.809608,1.698063,2.792694,3.16069,1,1,0,1,0
'1715137169262,'2024-05-08 12:59:29.262,3.33559,0.5825956,2.789642,3.161636,1,1,0,1,0
'1715137169279,'2024-05-08 12:59:29.279,2.790764,0.8739455,2.789566,3.165146,1,1,0,1,0
'1715137169288,'2024-05-08 12:59:29.288,0.8472972,-0.04780348,2.789124,3.168991,1,1,0,1,0
'1715137169306,'2024-05-08 12:59:29.306,-0.7072527,0.7250582,2.791428,3.172562,1,1,0,1,0
'1715137169315,'2024-05-08 12:59:29.315,-1.047789,0.6769155,2.791382,3.173248,1,1,0,1,0
'1715137169333,'2024-05-08 12:59:29.333,0.4064457,1.779897,2.794479,3.17952,1,1,0,1,0
'1715137169342,'2024-05-08 12:59:29.342,2.233627,3.243892,2.794556,3.174591,1,1,0,1,0
'1715137169351,'2024-05-08 12:59:29.351,5.826727,6.71188,2.795425,3.188141,1,1,0,1,0
'1715137169369,'2024-05-08 12:59:29.369,-1.897071,5.433214,2.810089,3.192535,1,1,0,1,0
'1715137169378,'2024-05-08 12:59:29.378,-19.14446,-1.264214,2.814758,3.188492,1,1,0,1,0
'1715137169396,'2024-05-08 12:59:29.396,-21.73078,-2.163928,2.817703,3.192902,1,1,0,1,0
'1715137169405,'2024-05-08 12:59:29.405,-22.63988,-1.806495,2.818802,3.184525,1,1,0,1,0
'1715137169422,'2024-05-08 12:59:29.422,-19.50529,-0.8691707,2.822998,3.175842,1,1,0,1,0
'1715137169431,'2024-05-08 12:59:29.431,-12.92876,2.438194,2.822571,3.17572,1,1,0,1,0
'1715137169449,'2024-05-08 12:59:29.449,-5.853365,7.480904,2.820068,3.17601,1,1,0,1,0
'1715137169458,'2024-05-08 12:59:29.458,-5.409554,7.704311,2.817123,3.176147,1,1,0,1,0
'1715137169475,'2024-05-08 12:59:29.475,-14.70392,2.282027,2.812836,3.171387,1,1,0,1,0
'1715137169484,'2024-05-08 12:59:29.484,-19.25172,0.7245082,2.811218,3.176132,1,1,0,1,0
'1715137169501,'2024-05-08 12:59:29.501,-20.41,-0.6378879,2.805176,3.176193,1,1,0,1,0
'1715137169510,'2024-05-08 12:59:29.510,-18.3662,-3.048066,2.805161,3.162903,1,1,0,1,0
'1715137169527,'2024-05-08 12:59:29.527,-16.42664,-1.746568,2.808945,3.162827,1,1,0,1,0
'1715137169536,'2024-05-08 12:59:29.536,-5.228232,3.49852,2.808624,3.156586,1,1,0,1,0
'1715137169554,'2024-05-08 12:59:29.554,-4.648335,4.865726,2.806091,3.155106,1,1,0,1,0
'1715137169562,'2024-05-08 12:59:29.562,-11.36999,-0.3318281,2.804703,3.151047,1,1,0,1,0
'1715137169579,'2024-05-08 12:59:29.579,-14.37206,-1.542107,2.799759,3.149902,1,1,0,1,0
'1715137169588,'2024-05-08 12:59:29.588,-16.21198,-2.068169,2.801697,3.148727,1,1,0,1,0
'1715137169606,'2024-05-08 12:59:29.606,-13.58926,-1.64573,2.798218,3.140137,1,1,0,1,0
'1715137169615,'2024-05-08 12:59:29.615,-13.48109,-1.66209,2.799759,3.133804,1,1,0,1,0
'1715137169633,'2024-05-08 12:59:29.633,-6.490625,-2.278809,2.797394,3.186432,1,1,0,1,0
'1715137169642,'2024-05-08 12:59:29.642,5.353409,-0.9361424,2.79599,3.128448,1,1,0,1,0
'1715137169659,'2024-05-08 12:59:29.659,-11.13367,-4.335112,2.791138,3.077103,1,1,0,1,0
'1715137169668,'2024-05-08 12:59:29.668,-15.0432,-5.23596,2.75145,3.082825,1,1,0,1,0
'1715137169677,'2024-05-08 12:59:29.677,-17.09251,-7.116297,2.786041,3.061249,1,1,0,1,0
'1715137169695,'2024-05-08 12:59:29.695,-28.99822,-6.860065,2.820251,3.159531,1,1,0,1,0
'1715137169703,'2024-05-08 12:59:29.703,-32.61998,6.931941,2.763916,3.136108,1,1,0,1,0
'1715137169721,'2024-05-08 12:59:29.721,-23.22409,-41.69958,-1,2.74559,0.6324158,0.6878387,0,1,0
'1715137169730,'2024-05-08 12:59:29.730,751.106,-767.6838,-1,-1,0.6324158,0.6878387,0,0,0
'1715137169747,'2024-05-08 12:59:29.747,751.106,-767.6838,-1,-1,0.1277081,0.4502152,0,0,0
'1715137169756,'2024-05-08 12:59:29.756,751.106,-767.6838,-1,-1,0,0.07946508,0,0,0
'1715137169774,'2024-05-08 12:59:29.774,751.106,-767.6838,-1,-1,0,0,0,0,0
'1715137169783,'2024-05-08 12:59:29.783,751.106,-767.6838,-1,-1,0,0,0,0,0
'1715137169801,'2024-05-08 12:59:29.801,751.106,-767.6838,-1,-1,0,0.1337739,0,0,0
'1715137169810,'2024-05-08 12:59:29.810,751.106,-767.6838,-1,-1,0,0.1337739,0,0,0
'1715137169827,'2024-05-08 12:59:29.827,751.106,-767.6838,-1,-1,0.2003183,0.4424958,0,0,0
'1715137169836,'2024-05-08 12:59:29.836,751.106,-767.6838,-1,-1,0.4426932,0.6245642,0,0,0
'1715137169854,'2024-05-08 12:59:29.854,751.106,-767.6838,-1,-1,0.6945974,0.7868213,0,0,0
'1715137169863,'2024-05-08 12:59:29.863,751.106,-767.6838,-1,-1,0.6945974,0.7868213,0,0,0
'1715137169881,'2024-05-08 12:59:29.881,-21.4085,-2.497207,-1,3.110504,0.999432,0.9277892,0,1,0
'1715137169890,'2024-05-08 12:59:29.890,-16.49981,-3.863617,2.832413,3.24971,1,1,0,1,0
'1715137169907,'2024-05-08 12:59:29.907,-17.80452,-14.61993,2.7827,3.196701,1,1,0,1,0
'1715137169916,'2024-05-08 12:59:29.916,-5.939937,-14.50739,2.75766,3.131897,1,1,0,1,0
'1715137169925,'2024-05-08 12:59:29.925,17.7137,-10.79027,2.775574,3.073074,1,1,0,1,0
'1715137169943,'2024-05-08 12:59:29.943,20.92764,-8.233941,2.779404,3.078201,1,1,0,1,0
'1715137169952,'2024-05-08 12:59:29.952,22.40273,-7.455743,2.778488,3.07785,1,1,0,1,0
'1715137169970,'2024-05-08 12:59:29.970,22.27052,-8.51834,2.774628,3.085159,1,1,0,1,0
'1715137169979,'2024-05-08 12:59:29.979,19.14341,-9.162969,2.784363,3.120499,1,1,0,1,0
'1715137169997,'2024-05-08 12:59:29.997,7.834289,-13.24885,2.789963,3.121933,1,1,0,1,0
'1715137170006,'2024-05-08 12:59:30.006,3.654064,-12.83441,2.791138,3.122192,1,1,0,1,0
'1715137170024,'2024-05-08 12:59:30.024,4.960328,-11.62729,2.791428,3.123062,1,1,0,1,0
'1715137170033,'2024-05-08 12:59:30.033,4.508061,-11.4488,2.795883,3.124344,1,1,0,1,0
'1715137170042,'2024-05-08 12:59:30.042,4.557633,-11.14435,2.800217,3.13562,1,1,0,1,0
'1715137170060,'2024-05-08 12:59:30.060,3.792903,-10.4451,2.800079,3.142548,1,1,0,1,0
'1715137170069,'2024-05-08 12:59:30.069,1.547988,-11.00353,2.802444,3.144592,1,1,0,1,0
'1715137170087,'2024-05-08 12:59:30.087,2.273574,-10.36066,2.809631,3.148621,1,1,0,1,0
'1715137170096,'2024-05-08 12:59:30.096,5.622769,-6.035,2.816345,3.152756,1,1,0,1,0
'1715137170114,'2024-05-08 12:59:30.114,7.785863,-5.926426,2.811462,3.15358,1,1,0,1,0
'1715137170123,'2024-05-08 12:59:30.123,13.87857,-0.9067934,2.818375,3.168137,1,1,0,1,0
'1715137170141,'2024-05-08 12:59:30.141,16.4645,-2.640407,2.816818,3.202316,1,1,0,1,0
'1715137170150,'2024-05-08 12:59:30.150,15.93646,-3.052092,2.830734,3.202637,1,1,0,1,0
'1715137170159,'2024-05-08 12:59:30.159,11.96029,-3.78114,2.832535,3.226486,1,1,0,1,0
'1715137170177,'2024-05-08 12:59:30.177,8.416894,-3.994004,2.833847,3.228104,1,1,0,1,0
'1715137170185,'2024-05-08 12:59:30.185,0.5919433,-6.85494,2.847885,3.246735,1,1,0,1,0
'1715137170203,'2024-05-08 12:59:30.203,-0.3213778,-7.392317,2.862488,3.248795,1,1,0,1,0
'1715137170212,'2024-05-08 12:59:30.212,-0.6334739,-5.434629,2.863617,3.281067,1,1,0,1,0
'1715137170230,'2024-05-08 12:59:30.230,-1.083205,-5.29398,2.864853,3.281082,1,1,0,1,0
'1715137170239,'2024-05-08 12:59:30.239,-1.704885,-5.310984,2.868515,3.29509,1,1,0,1,0
'1715137170256,'2024-05-08 12:59:30.256,-3.226991,-6.39462,2.868744,3.29509,1,1,0,1,0
'1715137170265,'2024-05-08 12:59:30.265,-3.706849,-4.983848,2.86908,3.288651,1,1,0,1,0
'1715137170283,'2024-05-08 12:59:30.283,-2.174372,-3.622399,2.86615,3.288437,1,1,0,1,0
'1715137170291,'2024-05-08 12:59:30.291,-1.320558,-3.382398,2.865952,3.282639,1,1,0,1,0
'1715137170309,'2024-05-08 12:59:30.309,0.2467493,-3.680829,2.863205,3.279404,1,1,0,1,0
'1715137170318,'2024-05-08 12:59:30.318,0.2214412,-4.064931,2.863144,3.278915,1,1,0,1,0
'1715137170327,'2024-05-08 12:59:30.327,1.89924,-4.121522,2.862534,3.277512,1,1,0,1,0
'1715137170345,'2024-05-08 12:59:30.345,2.694119,-4.081384,2.861832,3.277695,1,1,0,1,0
'1715137170354,'2024-05-08 12:59:30.354,0.8150824,-4.711373,2.861862,3.269089,1,1,0,1,0
'1715137170371,'2024-05-08 12:59:30.371,2.075503,-4.530106,2.856888,3.272888,1,1,0,1,0
'1715137170380,'2024-05-08 12:59:30.380,3.770051,-3.871973,2.85733,3.273712,1,1,0,1,0
'1715137170398,'2024-05-08 12:59:30.398,7.830101,-3.74814,2.851273,3.273788,1,1,0,1,0
'1715137170406,'2024-05-08 12:59:30.406,7.986001,-4.182245,2.851334,3.273605,1,1,0,1,0
'1715137170424,'2024-05-08 12:59:30.424,5.685937,-6.343576,2.850555,3.273712,1,1,0,1,0
'1715137170433,'2024-05-08 12:59:30.433,4.712971,-6.966625,2.850433,3.273285,1,1,0,1,0
'1715137170451,'2024-05-08 12:59:30.451,0.2865013,-8.174623,2.850784,3.270065,1,1,0,1,0
'1715137170460,'2024-05-08 12:59:30.460,1.203425,-7.756514,2.851074,3.266373,1,1,0,1,0
'1715137170469,'2024-05-08 12:59:30.469,3.612695,-6.18831,2.844803,3.263458,1,1,0,1,0
'1715137170486,'2024-05-08 12:59:30.486,4.517021,-6.37454,2.838425,3.26181,1,1,0,1,0
'1715137170495,'2024-05-08 12:59:30.495,4.273083,-6.460926,2.826004,3.239716,1,1,0,1,0
'1715137170513,'2024-05-08 12:59:30.513,9.418782,-3.907243,2.825134,3.224457,1,1,0,1,0
'1715137170522,'2024-05-08 12:59:30.522,12.51616,-4.278145,2.828369,3.204514,1,1,0,1,0
'1715137170540,'2024-05-08 12:59:30.540,14.40335,-4.499305,2.825699,3.191833,1,1,0,1,0
'1715137170549,'2024-05-08 12:59:30.549,13.52575,-4.842567,2.814133,3.178955,1,1,0,1,0
'1715137170566,'2024-05-08 12:59:30.566,9.409696,-6.188112,2.812836,3.151123,1,1,0,1,0
'1715137170575,'2024-05-08 12:59:30.575,5.695413,-8.067759,2.80307,3.148972,1,1,0,1,0
'1715137170593,'2024-05-08 12:59:30.593,4.292345,-9.342059,2.793289,3.146896,1,1,0,1,0
'1715137170602,'2024-05-08 12:59:30.602,15.71074,-7.331079,2.786011,3.127625,1,1,0,1,0
'1715137170619,'2024-05-08 12:59:30.619,18.73429,-6.690266,2.78598,3.127792,1,1,0,1,0
'1715137170628,'2024-05-08 12:59:30.628,21.50012,-5.642297,2.78598,3.118896,1,1,0,1,0
'1715137170646,'2024-05-08 12:59:30.646,20.94669,-4.432135,2.786255,3.117233,1,1,0,1,0
'1715137170655,'2024-05-08 12:59:30.655,15.30528,-6.516184,2.775024,3.103882,1,1,0,1,0
'1715137170664,'2024-05-08 12:59:30.664,7.968069,-7.840079,2.780518,3.099915,1,1,0,1,0
'1715137170682,'2024-05-08 12:59:30.682,1.347874,-10.28148,2.779572,3.065018,1,1,0,1,0
'1715137170690,'2024-05-08 12:59:30.690,-0.05039884,-10.33303,2.76416,3.057037,1,1,0,1,0
'1715137170707,'2024-05-08 12:59:30.707,-0.1500254,-9.16373,2.765289,3.052902,1,1,0,1,0
'1715137170716,'2024-05-08 12:59:30.716,0.2244352,-7.26103,2.768539,3.053955,1,1,0,1,0
'1715137170734,'2024-05-08 12:59:30.734,1.962326,-6.759134,2.769043,3.04538,1,1,0,1,0
'1715137170743,'2024-05-08 12:59:30.743,6.578114,-6.290612,2.76767,3.038239,1,1,0,1,0
'1715137170760,'2024-05-08 12:59:30.760,15.77776,-3.652977,2.764374,3.04451,1,1,0,1,0
'1715137170769,'2024-05-08 12:59:30.769,27.96354,-2.559194,2.764648,3.033539,1,1,0,1,0
'1715137170786,'2024-05-08 12:59:30.786,27.46208,-2.338829,2.76796,3.027649,1,1,0,1,0
'1715137170795,'2024-05-08 12:59:30.795,28.5828,-0.3055681,2.761841,3.026825,1,1,0,1,0
'1715137170813,'2024-05-08 12:59:30.813,30.20626,0.253927,2.770142,3.018051,1,1,0,1,0
'1715137170822,'2024-05-08 12:59:30.822,25.90104,1.159854,2.76059,2.996307,1,1,0,1,0
'1715137170840,'2024-05-08 12:59:30.840,8.837657,0.15234,2.757645,2.993088,1,1,0,1,0
'1715137170849,'2024-05-08 12:59:30.849,6.906294,-0.1670374,2.755035,2.984955,1,1,0,1,0
'1715137170866,'2024-05-08 12:59:30.866,5.097928,-0.5751171,2.74234,2.978775,1,1,0,1,0
'1715137170875,'2024-05-08 12:59:30.875,3.906366,-1.10105,2.742004,2.963562,1,1,0,1,0
'1715137170884,'2024-05-08 12:59:30.884,4.84776,-0.3679293,2.727585,2.959427,1,1,0,1,0
'1715137170902,'2024-05-08 12:59:30.902,6.661186,-0.2078312,2.727844,2.95932,1,1,0,1,0
'1715137170911,'2024-05-08 12:59:30.911,11.04858,0.5829934,2.727127,2.958496,1,1,0,1,0
'1715137170928,'2024-05-08 12:59:30.928,11.7234,0.9230717,2.736374,2.961304,1,1,0,1,0
'1715137170936,'2024-05-08 12:59:30.936,11.03897,0.3638924,2.735596,2.94696,1,1,0,1,0
'1715137170955,'2024-05-08 12:59:30.955,10.02444,0.8457434,2.7397,2.921341,1,1,0,1,0
'1715137170963,'2024-05-08 12:59:30.963,7.551826,1.320104,2.735397,2.921158,1,1,0,1,0
'1715137170980,'2024-05-08 12:59:30.980,10.60032,0.6742588,2.73851,2.922806,1,1,0,1,0
'1715137170989,'2024-05-08 12:59:30.989,19.62579,0.409461,2.745941,2.92218,1,1,0,1,0
'1715137171006,'2024-05-08 12:59:31.006,27.19707,1.029878,2.737946,2.911972,1,1,0,1,0
'1715137171015,'2024-05-08 12:59:31.015,28.15195,0.8854488,2.737701,2.921326,1,1,0,1,0
'1715137171033,'2024-05-08 12:59:31.033,27.00618,1.646608,2.729156,2.920929,1,1,0,1,0
'1715137171041,'2024-05-08 12:59:31.041,21.83172,0.6076263,2.723801,2.919968,1,1,0,1,0
'1715137171059,'2024-05-08 12:59:31.059,8.622927,0.03827828,2.718658,2.919006,1,1,0,1,0
'1715137171068,'2024-05-08 12:59:31.068,7.118581,-1.158169,2.717743,2.91922,1,1,0,1,0
'1715137171085,'2024-05-08 12:59:31.085,6.941847,-1.125742,2.722504,2.919205,1,1,0,1,0
'1715137171094,'2024-05-08 12:59:31.094,5.584543,-0.8135148,2.721878,2.919052,1,1,0,1,0
'1715137171103,'2024-05-08 12:59:31.103,8.409895,-0.6116165,2.721588,2.920151,1,1,0,1,0
'1715137171120,'2024-05-08 12:59:31.120,16.21062,-1.262869,2.721405,2.924393,1,1,0,1,0
'1715137171129,'2024-05-08 12:59:31.129,18.6438,-1.124408,2.716507,2.927338,1,1,0,1,0
'1715137171146,'2024-05-08 12:59:31.146,19.55689,-1.015987,2.716614,2.927612,1,1,0,1,0
'1715137171156,'2024-05-08 12:59:31.156,17.85588,0.04671568,2.715958,2.927811,1,1,0,1,0
'1715137171174,'2024-05-08 12:59:31.174,20.66767,0.2189371,2.71283,2.931274,1,1,0,1,0
'1715137171182,'2024-05-08 12:59:31.182,23.12547,0.1661717,2.71022,2.930069,1,1,0,1,0
'1715137171200,'2024-05-08 12:59:31.200,28.31606,1.26549,2.713531,2.930359,1,1,0,1,0
'1715137171208,'2024-05-08 12:59:31.208,26.6713,1.703282,2.715195,2.93338,1,1,0,1,0
'1715137171225,'2024-05-08 12:59:31.225,24.65569,0.03928466,2.713867,2.933472,1,1,0,1,0
'1715137171234,'2024-05-08 12:59:31.234,13.40735,1.558561,2.715485,2.940216,1,1,0,1,0
'1715137171252,'2024-05-08 12:59:31.252,10.66711,1.001032,2.715775,2.951797,1,1,0,1,0
'1715137171261,'2024-05-08 12:59:31.261,6.318722,0.4928043,2.726028,2.958542,1,1,0,1,0
'1715137171278,'2024-05-08 12:59:31.278,6.354,0.167693,2.717148,2.958847,1,1,0,1,0
'1715137171287,'2024-05-08 12:59:31.287,6.481642,0.721653,2.729233,2.980331,1,1,0,1,0
'1715137171296,'2024-05-08 12:59:31.296,7.162405,0.5720165,2.730972,2.980835,1,1,0,1,0
'1715137171314,'2024-05-08 12:59:31.314,6.372562,0.6643122,2.73262,2.984299,1,1,0,1,0
'1715137171323,'2024-05-08 12:59:31.323,6.048902,0.8741447,2.732803,2.984818,1,1,0,1,0
'1715137171340,'2024-05-08 12:59:31.340,5.52756,0.8882576,2.733139,3.000443,1,1,0,1,0
'1715137171349,'2024-05-08 12:59:31.349,4.302303,2.352767,2.735886,3.000641,1,1,0,1,0
'1715137171367,'2024-05-08 12:59:31.367,0.4989706,1.695255,2.736313,3.007309,1,1,0,1,0
'1715137171376,'2024-05-08 12:59:31.376,-1.320604,2.086518,2.75351,3.024216,1,1,0,1,0
'1715137171394,'2024-05-08 12:59:31.394,-0.5882955,0.9229196,2.75827,3.029099,1,1,0,1,0
'1715137171403,'2024-05-08 12:59:31.403,2.82814,3.067481,2.777695,3.049805,1,1,0,1,0
'1715137171421,'2024-05-08 12:59:31.421,4.379202,3.290817,2.788254,3.054169,1,1,0,1,0
'1715137171429,'2024-05-08 12:59:31.429,10.22645,4.804289,2.799759,3.0672,1,1,0,1,0
'1715137171438,'2024-05-08 12:59:31.438,16.36694,6.086993,2.801239,3.072525,1,1,0,1,0
'1715137171456,'2024-05-08 12:59:31.456,21.13084,6.266014,2.802658,3.080887,1,1,0,1,0
'1715137171465,'2024-05-08 12:59:31.465,21.36264,6.61151,2.806351,3.090179,1,1,0,1,0
'1715137171482,'2024-05-08 12:59:31.482,18.50894,2.597414,2.805008,3.102402,1,1,0,1,0
'1715137171491,'2024-05-08 12:59:31.491,-0.2437666,0.7742894,2.804672,3.113922,1,1,0,1,0
'1715137171509,'2024-05-08 12:59:31.509,-5.401604,-0.05595982,2.804581,3.113617,1,1,0,1,0
'1715137171518,'2024-05-08 12:59:31.518,0.2920308,0.4109356,2.810333,3.123093,1,1,0,1,0
'1715137171536,'2024-05-08 12:59:31.536,2.832878,-0.09066866,2.809906,3.126404,1,1,0,1,0
'1715137171545,'2024-05-08 12:59:31.545,7.029841,-0.701267,2.809311,3.130859,1,1,0,1,0
'1715137171562,'2024-05-08 12:59:31.562,10.45799,-0.3510078,2.808929,3.136902,1,1,0,1,0
'1715137171571,'2024-05-08 12:59:31.571,14.23601,0.6688995,2.816742,3.138031,1,1,0,1,0
'1715137171589,'2024-05-08 12:59:31.589,14.57779,-0.3952189,2.816132,3.141296,1,1,0,1,0
'1715137171598,'2024-05-08 12:59:31.598,12.71829,0.3847809,2.810883,3.141983,1,1,0,1,0
'1715137171607,'2024-05-08 12:59:31.607,9.015457,-0.3730783,2.810684,3.142761,1,1,0,1,0
'1715137171625,'2024-05-08 12:59:31.625,9.973739,1.333468,2.810654,3.142044,1,1,0,1,0
'1715137171634,'2024-05-08 12:59:31.634,15.12536,1.601543,2.810318,3.142807,1,1,0,1,0
'1715137171652,'2024-05-08 12:59:31.652,18.05995,1.438555,2.809937,3.148895,1,1,0,1,0
'1715137171661,'2024-05-08 12:59:31.661,17.85364,3.112441,2.808838,3.149002,1,1,0,1,0
'1715137171679,'2024-05-08 12:59:31.679,15.85199,2.110976,2.810059,3.149872,1,1,0,1,0
'1715137171688,'2024-05-08 12:59:31.688,4.857397,1.949672,2.809967,3.151016,1,1,0,1,0
'1715137171706,'2024-05-08 12:59:31.706,0.9990199,1.461362,2.810455,3.135696,1,1,0,1,0
'1715137171715,'2024-05-08 12:59:31.715,1.26432,1.559181,2.810028,3.133545,1,1,0,1,0
'1715137171724,'2024-05-08 12:59:31.724,2.633017,1.700064,2.80809,3.137115,1,1,0,1,0
'1715137171742,'2024-05-08 12:59:31.742,2.887326,2.023993,2.808289,3.136398,1,1,0,1,0
'1715137171751,'2024-05-08 12:59:31.751,2.472896,1.960813,2.803833,3.135376,1,1,0,1,0
'1715137171769,'2024-05-08 12:59:31.769,2.746697,1.979712,2.803833,3.132095,1,1,0,1,0
'1715137171778,'2024-05-08 12:59:31.778,3.593398,1.681504,2.802841,3.123703,1,1,0,1,0
'1715137171795,'2024-05-08 12:59:31.795,4.126511,1.461034,2.805267,3.13266,1,1,0,1,0
'1715137171804,'2024-05-08 12:59:31.804,3.532181,2.578901,2.803055,3.136642,1,1,0,1,0
'1715137171813,'2024-05-08 12:59:31.813,3.073341,2.691757,2.799255,3.135025,1,1,0,1,0
'1715137171831,'2024-05-08 12:59:31.831,2.470624,3.025563,2.80394,3.136658,1,1,0,1,0
'1715137171840,'2024-05-08 12:59:31.840,2.844982,2.784427,2.806396,3.129181,1,1,0,1,0
'1715137171857,'2024-05-08 12:59:31.857,3.614564,3.030361,2.806107,3.12561,1,1,0,1,0
'1715137171866,'2024-05-08 12:59:31.866,4.382036,2.277463,2.80574,3.12825,1,1,0,1,0
'1715137171884,'2024-05-08 12:59:31.884,4.366181,2.53799,2.801743,3.125778,1,1,0,1,0
'1715137171893,'2024-05-08 12:59:31.893,4.416018,2.37107,2.800232,3.124023,1,1,0,1,0
'1715137171911,'2024-05-08 12:59:31.911,4.074116,2.092463,2.800049,3.124008,1,1,0,1,0
'1715137171920,'2024-05-08 12:59:31.920,3.385988,1.873971,2.799927,3.118668,1,1,0,1,0
'1715137171938,'2024-05-08 12:59:31.938,3.22441,1.921236,2.800186,3.107956,1,1,0,1,0
'1715137171947,'2024-05-08 12:59:31.947,2.926344,2.66916,2.798965,3.107483,1,1,0,1,0
'1715137171965,'2024-05-08 12:59:31.965,1.29782,3.623711,2.795471,3.105484,1,1,0,1,0
'1715137171974,'2024-05-08 12:59:31.974,1.255601,3.64612,2.79512,3.105576,1,1,0,1,0
'1715137171983,'2024-05-08 12:59:31.983,0.9422888,3.21941,2.794952,3.105469,1,1,0,1,0
'1715137172001,'2024-05-08 12:59:32.001,0.9303346,3.499421,2.794937,3.105362,1,1,0,1,0
'1715137172010,'2024-05-08 12:59:32.010,1.087255,2.869421,2.79512,3.098694,1,1,0,1,0
'1715137172028,'2024-05-08 12:59:32.028,1.29782,3.106227,2.793854,3.104523,1,1,0,1,0
'1715137172037,'2024-05-08 12:59:32.037,1.547632,4.314867,2.794632,3.094727,1,1,0,1,0
'1715137172055,'2024-05-08 12:59:32.055,-2.315586,4.883033,2.798569,3.098511,1,1,0,1,0
'1715137172064,'2024-05-08 12:59:32.064,-5.558753,4.375847,2.799255,3.098511,1,1,0,1,0
'1715137172081,'2024-05-08 12:59:32.081,-10.4403,3.561419,2.801956,3.097992,1,1,0,1,0
'1715137172090,'2024-05-08 12:59:32.090,-10.62524,3.767168,2.805573,3.104874,1,1,0,1,0
'1715137172108,'2024-05-08 12:59:32.108,-7.675097,5.036906,2.805634,3.098923,1,1,0,1,0
'1715137172116,'2024-05-08 12:59:32.116,-5.083806,5.667574,2.805389,3.099243,1,1,0,1,0
'1715137172134,'2024-05-08 12:59:32.134,0.2582561,5.651928,2.808182,3.099533,1,1,0,1,0
'1715137172143,'2024-05-08 12:59:32.143,0.5546237,5.876412,2.80777,3.104889,1,1,0,1,0
'1715137172151,'2024-05-08 12:59:32.151,0.371535,4.970133,2.806595,3.104599,1,1,0,1,0
'1715137172169,'2024-05-08 12:59:32.169,-3.896821,3.370018,2.80307,3.106216,1,1,0,1,0
'1715137172178,'2024-05-08 12:59:32.178,-6.957428,3.17658,2.802902,3.104218,1,1,0,1,0
'1715137172196,'2024-05-08 12:59:32.196,-10.36508,1.772945,2.80365,3.098358,1,1,0,1,0
'1715137172205,'2024-05-08 12:59:32.205,-9.841347,3.08714,2.801193,3.099182,1,1,0,1,0
'1715137172223,'2024-05-08 12:59:32.223,-6.023399,2.50547,2.797501,3.097305,1,1,0,1,0
'1715137172232,'2024-05-08 12:59:32.232,-4.256895,2.739104,2.797791,3.099243,1,1,0,1,0
'1715137172249,'2024-05-08 12:59:32.249,-0.7535672,3.05297,2.803116,3.097214,1,1,0,1,0
'1715137172257,'2024-05-08 12:59:32.257,-1.282757,3.265798,2.803101,3.097427,1,1,0,1,0
'1715137172275,'2024-05-08 12:59:32.275,-0.3281003,3.077626,2.803177,3.097733,1,1,0,1,0
'1715137172284,'2024-05-08 12:59:32.284,0.97058,2.885605,2.802872,3.096573,1,1,0,1,0
'1715137172302,'2024-05-08 12:59:32.302,3.259676,2.700546,2.803513,3.09375,1,1,0,1,0
'1715137172310,'2024-05-08 12:59:32.310,3.151743,4.058343,2.808823,3.094757,1,1,0,1,0
'1715137172327,'2024-05-08 12:59:32.327,2.982227,4.113636,2.803802,3.094131,1,1,0,1,0
'1715137172336,'2024-05-08 12:59:32.336,2.072577,4.591988,2.80365,3.091675,1,1,0,1,0
'1715137172354,'2024-05-08 12:59:32.354,2.480147,4.68667,2.803986,3.093124,1,1,0,1,0
'1715137172363,'2024-05-08 12:59:32.363,2.380543,4.756053,2.804306,3.084747,1,1,0,1,0
'1715137172380,'2024-05-08 12:59:32.380,2.404497,4.153365,2.798141,3.084778,1,1,0,1,0
'1715137172389,'2024-05-08 12:59:32.389,2.056171,4.030152,2.802109,3.080261,1,1,0,1,0
'1715137172407,'2024-05-08 12:59:32.407,1.657664,4.470098,2.802368,3.074158,1,1,0,1,0
'1715137172416,'2024-05-08 12:59:32.416,1.798718,4.703217,2.802368,3.072449,1,1,0,1,0
'1715137172425,'2024-05-08 12:59:32.425,2.134643,5.080345,2.798157,3.073151,1,1,0,1,0
'1715137172443,'2024-05-08 12:59:32.443,2.043838,5.382098,2.798126,3.075241,1,1,0,1,0
'1715137172452,'2024-05-08 12:59:32.452,1.621492,5.539634,2.802765,3.086609,1,1,0,1,0
'1715137172469,'2024-05-08 12:59:32.469,0.706186,5.566701,2.803268,3.075119,1,1,0,1,0
'1715137172478,'2024-05-08 12:59:32.478,-6.613954,4.578624,2.81189,3.073685,1,1,0,1,0
'1715137172495,'2024-05-08 12:59:32.495,-14.9603,6.999568,2.809464,3.070679,1,1,0,1,0
'1715137172504,'2024-05-08 12:59:32.504,-19.41305,7.508673,2.808167,3.071381,1,1,0,1,0
'1715137172521,'2024-05-08 12:59:32.521,-18.43694,7.651042,2.808014,3.078369,1,1,0,1,0
'1715137172529,'2024-05-08 12:59:32.529,-16.03638,7.075024,2.805771,3.078506,1,1,0,1,0
'1715137172547,'2024-05-08 12:59:32.547,-0.262914,4.610746,2.80632,3.081833,1,1,0,1,0
'1715137172556,'2024-05-08 12:59:32.556,7.305008,3.724233,2.806534,3.078506,1,1,0,1,0
'1715137172573,'2024-05-08 12:59:32.573,4.710664,4.605773,2.80957,3.073257,1,1,0,1,0
'1715137172582,'2024-05-08 12:59:32.582,3.065264,5.456255,2.80748,3.073715,1,1,0,1,0
'1715137172591,'2024-05-08 12:59:32.591,0.6232975,7.10848,2.811325,3.069061,1,1,0,1,0
'1715137172609,'2024-05-08 12:59:32.609,0.3266318,7.01759,2.809372,3.069122,1,1,0,1,0
'1715137172618,'2024-05-08 12:59:32.618,-1.629121,7.754303,2.810272,3.068909,1,1,0,1,0
'1715137172636,'2024-05-08 12:59:32.636,-2.316056,7.509117,2.810379,3.052658,1,1,0,1,0
'1715137172645,'2024-05-08 12:59:32.645,-1.944602,7.977745,2.812943,3.050018,1,1,0,1,0
'1715137172662,'2024-05-08 12:59:32.662,-1.628937,8.114204,2.813309,3.03978,1,1,0,1,0
'1715137172671,'2024-05-08 12:59:32.671,1.207646,7.340465,2.79567,3.040787,1,1,0,1,0
'1715137172689,'2024-05-08 12:59:32.689,3.903911,7.710701,2.81369,3.040588,1,1,0,1,0
'1715137172698,'2024-05-08 12:59:32.698,4.263664,7.659924,2.813873,3.040558,1,1,0,1,0
'1715137172716,'2024-05-08 12:59:32.716,3.722715,7.720086,2.820953,3.042236,1,1,0,1,0
'1715137172725,'2024-05-08 12:59:32.725,2.913277,7.616287,2.810349,3.049652,1,1,0,1,0
'1715137172734,'2024-05-08 12:59:32.734,0.5753084,8.234621,2.821625,3.049744,1,1,0,1,0
'1715137172751,'2024-05-08 12:59:32.751,0.5905323,7.856253,2.820755,3.052963,1,1,0,1,0
'1715137172760,'2024-05-08 12:59:32.760,3.197702,7.681012,2.82103,3.049728,1,1,0,1,0
'1715137172778,'2024-05-08 12:59:32.778,4.875879,7.571502,2.810852,3.047363,1,1,0,1,0
'1715137172786,'2024-05-08 12:59:32.786,6.526167,6.904652,2.811356,3.055786,1,1,0,1,0
'1715137172804,'2024-05-08 12:59:32.804,6.307456,6.524926,2.807205,3.054886,1,1,0,1,0
'1715137172812,'2024-05-08 12:59:32.812,5.046234,6.372984,2.806641,3.058304,1,1,0,1,0
'1715137172830,'2024-05-08 12:59:32.830,3.188398,5.695776,2.806366,3.074707,1,1,0,1,0
'1715137172839,'2024-05-08 12:59:32.839,2.691492,5.721521,2.805984,3.071625,1,1,0,1,0
'1715137172857,'2024-05-08 12:59:32.857,4.068827,5.947222,2.805923,3.071243,1,1,0,1,0
'1715137172866,'2024-05-08 12:59:32.866,4.524238,6.10931,2.800339,3.071259,1,1,0,1,0
