Timestamp UNIX,Timestamp Local, X,Y, Left Pupil Diameter, Right Pupil Diameter, Left Eye Openness, Right Eye Openness, Gaze on Left, Gaze on Middle, Gaze on Right
'1731041623009,'2024-11-08 15:53:43.009,0,200,-1,-1,-1,-1,0,0,0
'1731041624070,'2024-11-08 15:53:44.070,0,200,-1,-1,-1,-1,0,0,0
'1731041624105,'2024-11-08 15:53:44.105,0,200,-1,-1,-1,-1,0,0,0
'1731041624124,'2024-11-08 15:53:44.124,0,200,-1,-1,-1,-1,0,0,0
'1731041624148,'2024-11-08 15:53:44.148,0,200,-1,-1,-1,-1,0,0,0
'1731041624165,'2024-11-08 15:53:44.165,0,200,-1,-1,-1,-1,0,0,0
'1731041624182,'2024-11-08 15:53:44.182,0,200,-1,-1,-1,-1,0,0,0
'1731041624199,'2024-11-08 15:53:44.199,0,200,-1,-1,-1,-1,0,0,0
'1731041624225,'2024-11-08 15:53:44.225,0,200,-1,-1,-1,-1,0,0,0
'1731041624234,'2024-11-08 15:53:44.234,0,200,-1,-1,-1,-1,0,0,0
'1731041624253,'2024-11-08 15:53:44.253,0,200,-1,-1,-1,-1,0,0,0
'1731041624272,'2024-11-08 15:53:44.272,0,200,-1,-1,-1,-1,0,0,0
'1731041624280,'2024-11-08 15:53:44.280,0,200,-1,-1,-1,-1,0,0,0
'1731041624298,'2024-11-08 15:53:44.298,0,200,-1,-1,-1,-1,0,0,0
'1731041624306,'2024-11-08 15:53:44.306,0,200,-1,-1,-1,-1,0,0,0
'1731041624331,'2024-11-08 15:53:44.331,0,200,-1,-1,-1,-1,0,0,0
'1731041624340,'2024-11-08 15:53:44.340,0,200,-1,-1,-1,-1,0,0,0
'1731041624365,'2024-11-08 15:53:44.365,0,200,-1,-1,-1,-1,0,0,0
'1731041624382,'2024-11-08 15:53:44.382,0,200,-1,-1,-1,-1,0,0,0
'1731041624391,'2024-11-08 15:53:44.391,0,200,-1,-1,-1,-1,0,0,0
'1731041624408,'2024-11-08 15:53:44.408,0,200,-1,-1,-1,-1,0,0,0
'1731041624425,'2024-11-08 15:53:44.425,0,200,-1,-1,-1,-1,0,0,0
'1731041624442,'2024-11-08 15:53:44.442,0,200,-1,-1,-1,-1,0,0,0
'1731041624451,'2024-11-08 15:53:44.451,0,200,-1,-1,-1,-1,0,0,0
'1731041624467,'2024-11-08 15:53:44.467,0,200,-1,-1,-1,-1,0,0,0
'1731041624597,'2024-11-08 15:53:44.597,0,200,-1,-1,-1,-1,0,0,0
'1731041624762,'2024-11-08 15:53:44.762,0,200,-1,-1,-1,-1,0,0,0
'1731041624787,'2024-11-08 15:53:44.787,0,200,-1,-1,-1,-1,0,0,0
'1731041624814,'2024-11-08 15:53:44.814,0,200,-1,-1,-1,-1,0,0,0
'1731041624823,'2024-11-08 15:53:44.823,0,200,-1,-1,-1,-1,0,0,0
'1731041624840,'2024-11-08 15:53:44.840,0,200,-1,-1,-1,-1,0,0,0
'1731041624848,'2024-11-08 15:53:44.848,0,200,-1,-1,-1,-1,0,0,0
'1731041624866,'2024-11-08 15:53:44.866,0,200,-1,-1,-1,-1,0,0,0
'1731041624883,'2024-11-08 15:53:44.883,0,200,-1,-1,-1,-1,0,0,0
'1731041624910,'2024-11-08 15:53:44.910,0,200,-1,-1,-1,-1,0,0,0
'1731041624918,'2024-11-08 15:53:44.918,0,200,-1,-1,-1,-1,0,0,0
'1731041624936,'2024-11-08 15:53:44.936,0,200,-1,-1,-1,-1,0,0,0
'1731041624945,'2024-11-08 15:53:44.945,0,200,-1,-1,-1,-1,0,0,0
'1731041624962,'2024-11-08 15:53:44.962,0,200,-1,-1,-1,-1,0,0,0
'1731041624979,'2024-11-08 15:53:44.979,0,200,-1,-1,-1,-1,0,0,0
'1731041624988,'2024-11-08 15:53:44.988,0,200,-1,-1,-1,-1,0,0,0
'1731041624997,'2024-11-08 15:53:44.997,0,200,-1,-1,-1,-1,0,0,0
'1731041625014,'2024-11-08 15:53:45.014,0,200,-1,-1,-1,-1,0,0,0
'1731041625031,'2024-11-08 15:53:45.031,0,200,-1,-1,-1,-1,0,0,0
'1731041625082,'2024-11-08 15:53:45.082,0,0,-1,-1,-1,-1,0,1,0
'1731041625099,'2024-11-08 15:53:45.099,0,0,-1,-1,-1,-1,0,1,0
'1731041625107,'2024-11-08 15:53:45.107,0,0,-1,-1,-1,-1,0,1,0
'1731041625116,'2024-11-08 15:53:45.116,0,0,-1,-1,-1,-1,0,1,0
'1731041625124,'2024-11-08 15:53:45.124,0,0,-1,-1,-1,-1,0,1,0
'1731041625148,'2024-11-08 15:53:45.148,0,200,-1,-1,-1,-1,0,0,0
'1731041625165,'2024-11-08 15:53:45.165,0,200,-1,-1,-1,-1,0,0,0
'1731041625173,'2024-11-08 15:53:45.173,0,200,-1,-1,-1,-1,0,0,0
'1731041625183,'2024-11-08 15:53:45.183,0,200,-1,-1,-1,-1,0,0,0
'1731041625200,'2024-11-08 15:53:45.200,0,200,-1,-1,-1,-1,0,0,0
'1731041625226,'2024-11-08 15:53:45.226,0,200,-1,-1,-1,-1,0,0,0
'1731041625242,'2024-11-08 15:53:45.242,0,200,-1,-1,-1,-1,0,0,0
'1731041625252,'2024-11-08 15:53:45.252,0,200,-1,-1,-1,-1,0,0,0
'1731041625261,'2024-11-08 15:53:45.261,0,200,-1,-1,-1,-1,0,0,0
'1731041625278,'2024-11-08 15:53:45.278,0,200,-1,-1,-1,-1,0,0,0
'1731041625287,'2024-11-08 15:53:45.287,0,200,-1,-1,-1,-1,0,0,0
'1731041625305,'2024-11-08 15:53:45.305,0,200,-1,-1,-1,-1,0,0,0
'1731041625313,'2024-11-08 15:53:45.313,0,200,-1,-1,-1,-1,0,0,0
'1731041625321,'2024-11-08 15:53:45.321,0,200,-1,-1,-1,-1,0,0,0
'1731041625338,'2024-11-08 15:53:45.338,0,200,-1,-1,-1,-1,0,0,0
'1731041625347,'2024-11-08 15:53:45.347,0,200,-1,-1,-1,-1,0,0,0
'1731041625363,'2024-11-08 15:53:45.363,0,200,-1,-1,-1,-1,0,0,0
'1731041625372,'2024-11-08 15:53:45.372,0,200,-1,-1,-1,-1,0,0,0
'1731041625390,'2024-11-08 15:53:45.390,0,200,-1,-1,-1,-1,0,0,0
'1731041625400,'2024-11-08 15:53:45.400,0,200,-1,-1,-1,-1,0,0,0
'1731041625408,'2024-11-08 15:53:45.408,0,200,-1,-1,-1,-1,0,0,0
'1731041625417,'2024-11-08 15:53:45.417,0,200,-1,-1,-1,-1,0,0,0
'1731041625450,'2024-11-08 15:53:45.450,0,200,-1,-1,-1,-1,0,0,0
'1731041625485,'2024-11-08 15:53:45.485,0,200,-1,-1,-1,-1,0,0,0
'1731041625494,'2024-11-08 15:53:45.494,0,200,-1,-1,-1,-1,0,0,0
'1731041625502,'2024-11-08 15:53:45.502,0,200,-1,-1,-1,-1,0,0,0
'1731041625511,'2024-11-08 15:53:45.511,0,200,-1,-1,-1,-1,0,0,0
'1731041625538,'2024-11-08 15:53:45.538,0,200,-1,-1,-1,-1,0,0,0
'1731041625546,'2024-11-08 15:53:45.546,0,200,-1,-1,-1,-1,0,0,0
'1731041625555,'2024-11-08 15:53:45.555,0,200,-1,-1,-1,-1,0,0,0
'1731041625572,'2024-11-08 15:53:45.572,0,200,-1,-1,-1,-1,0,0,0
'1731041625580,'2024-11-08 15:53:45.580,0,200,-1,-1,-1,-1,0,0,0
'1731041625588,'2024-11-08 15:53:45.588,0,200,-1,-1,-1,-1,0,0,0
'1731041625622,'2024-11-08 15:53:45.622,0,200,-1,-1,-1,-1,0,0,0
'1731041625630,'2024-11-08 15:53:45.630,0,200,-1,-1,-1,-1,0,0,0
'1731041625639,'2024-11-08 15:53:45.639,0,200,-1,-1,-1,-1,0,0,0
'1731041625647,'2024-11-08 15:53:45.647,0,200,-1,-1,-1,-1,0,0,0
'1731041625665,'2024-11-08 15:53:45.665,0,200,-1,-1,-1,-1,0,0,0
'1731041625673,'2024-11-08 15:53:45.673,0,200,-1,-1,-1,-1,0,0,0
'1731041625690,'2024-11-08 15:53:45.690,0,200,-1,-1,-1,-1,0,0,0
'1731041625698,'2024-11-08 15:53:45.698,0,200,-1,-1,-1,-1,0,0,0
'1731041625707,'2024-11-08 15:53:45.707,0,200,-1,-1,-1,-1,0,0,0
'1731041625715,'2024-11-08 15:53:45.715,0,200,-1,-1,-1,-1,0,0,0
'1731041625732,'2024-11-08 15:53:45.732,0,200,-1,-1,-1,-1,0,0,0
'1731041625749,'2024-11-08 15:53:45.749,0,200,-1,-1,-1,-1,0,0,0
'1731041625757,'2024-11-08 15:53:45.757,0,200,-1,-1,-1,-1,0,0,0
'1731041625766,'2024-11-08 15:53:45.766,0,200,-1,-1,-1,-1,0,0,0
'1731041625775,'2024-11-08 15:53:45.775,0,200,-1,-1,-1,-1,0,0,0
'1731041625793,'2024-11-08 15:53:45.793,0,200,-1,-1,-1,-1,0,0,0
'1731041625802,'2024-11-08 15:53:45.802,0,200,-1,-1,-1,-1,0,0,0
'1731041625818,'2024-11-08 15:53:45.818,0,200,-1,-1,-1,-1,0,0,0
'1731041625827,'2024-11-08 15:53:45.827,0,200,-1,-1,-1,-1,0,0,0
'1731041625843,'2024-11-08 15:53:45.843,0,200,-1,-1,-1,-1,0,0,0
'1731041625852,'2024-11-08 15:53:45.852,0,200,-1,-1,-1,-1,0,0,0
'1731041625861,'2024-11-08 15:53:45.861,0,200,-1,-1,-1,-1,0,0,0
'1731041625870,'2024-11-08 15:53:45.870,0,200,-1,-1,-1,-1,0,0,0
'1731041625888,'2024-11-08 15:53:45.888,0,200,-1,-1,-1,-1,0,0,0
'1731041625896,'2024-11-08 15:53:45.896,0,200,-1,-1,-1,-1,0,0,0
'1731041625904,'2024-11-08 15:53:45.904,0,200,-1,-1,-1,-1,0,0,0
'1731041625921,'2024-11-08 15:53:45.921,0,200,-1,-1,-1,-1,0,0,0
'1731041625930,'2024-11-08 15:53:45.930,0,200,-1,-1,-1,-1,0,0,0
'1731041625946,'2024-11-08 15:53:45.946,0,200,-1,-1,-1,-1,0,0,0
'1731041625954,'2024-11-08 15:53:45.954,0,200,-1,-1,-1,-1,0,0,0
'1731041625971,'2024-11-08 15:53:45.971,0,200,-1,-1,-1,-1,0,0,0
'1731041625987,'2024-11-08 15:53:45.987,0,200,-1,-1,-1,-1,0,0,0
'1731041625996,'2024-11-08 15:53:45.996,0,200,-1,-1,-1,-1,0,0,0
'1731041626004,'2024-11-08 15:53:46.004,0,200,-1,-1,-1,-1,0,0,0
'1731041626021,'2024-11-08 15:53:46.021,0,200,-1,-1,-1,-1,0,0,0
'1731041626030,'2024-11-08 15:53:46.030,0,200,-1,-1,-1,-1,0,0,0
'1731041626039,'2024-11-08 15:53:46.039,0,200,-1,-1,-1,-1,0,0,0
'1731041626056,'2024-11-08 15:53:46.056,0,200,-1,-1,-1,-1,0,0,0
'1731041626064,'2024-11-08 15:53:46.064,0,200,-1,-1,-1,-1,0,0,0
'1731041626081,'2024-11-08 15:53:46.081,0,200,-1,-1,-1,-1,0,0,0
'1731041626090,'2024-11-08 15:53:46.090,0,200,-1,-1,-1,-1,0,0,0
'1731041626098,'2024-11-08 15:53:46.098,0,200,-1,-1,-1,-1,0,0,0
'1731041626106,'2024-11-08 15:53:46.106,0,200,-1,-1,-1,-1,0,0,0
'1731041626123,'2024-11-08 15:53:46.123,0,200,-1,-1,-1,-1,0,0,0
'1731041626140,'2024-11-08 15:53:46.140,0,200,-1,-1,-1,-1,0,0,0
'1731041626149,'2024-11-08 15:53:46.149,0,200,-1,-1,-1,-1,0,0,0
'1731041626157,'2024-11-08 15:53:46.157,0,200,-1,-1,-1,-1,0,0,0
'1731041626166,'2024-11-08 15:53:46.166,0,200,-1,-1,-1,-1,0,0,0
'1731041626184,'2024-11-08 15:53:46.184,0,200,-1,-1,-1,-1,0,0,0
'1731041626192,'2024-11-08 15:53:46.192,0,200,-1,-1,-1,-1,0,0,0
'1731041626209,'2024-11-08 15:53:46.209,0,200,-1,-1,-1,-1,0,0,0
'1731041626217,'2024-11-08 15:53:46.217,0,200,-1,-1,-1,-1,0,0,0
'1731041626226,'2024-11-08 15:53:46.226,0,200,-1,-1,-1,-1,0,0,0
'1731041626243,'2024-11-08 15:53:46.243,0,200,-1,-1,-1,-1,0,0,0
'1731041626252,'2024-11-08 15:53:46.252,0,200,-1,-1,-1,-1,0,0,0
'1731041626269,'2024-11-08 15:53:46.269,0,200,-1,-1,-1,-1,0,0,0
'1731041626279,'2024-11-08 15:53:46.279,0,200,-1,-1,-1,-1,0,0,0
'1731041626296,'2024-11-08 15:53:46.296,0,200,-1,-1,-1,-1,0,0,0
'1731041626306,'2024-11-08 15:53:46.306,0,200,-1,-1,-1,-1,0,0,0
'1731041626314,'2024-11-08 15:53:46.314,0,200,-1,-1,-1,-1,0,0,0
'1731041626331,'2024-11-08 15:53:46.331,0,200,-1,-1,-1,-1,0,0,0
'1731041626349,'2024-11-08 15:53:46.349,0,200,-1,-1,-1,-1,0,0,0
'1731041626358,'2024-11-08 15:53:46.358,0,200,-1,-1,-1,-1,0,0,0
'1731041626366,'2024-11-08 15:53:46.366,0,200,-1,-1,-1,-1,0,0,0
'1731041626383,'2024-11-08 15:53:46.383,0,200,-1,-1,-1,-1,0,0,0
'1731041626392,'2024-11-08 15:53:46.392,0,200,-1,-1,-1,-1,0,0,0
'1731041626410,'2024-11-08 15:53:46.410,0,200,-1,-1,-1,-1,0,0,0
'1731041626418,'2024-11-08 15:53:46.418,0,200,-1,-1,-1,-1,0,0,0
'1731041626444,'2024-11-08 15:53:46.444,0,200,-1,-1,-1,-1,0,0,0
'1731041626452,'2024-11-08 15:53:46.452,0,200,-1,-1,-1,-1,0,0,0
'1731041626460,'2024-11-08 15:53:46.460,0,200,-1,-1,-1,-1,0,0,0
'1731041626468,'2024-11-08 15:53:46.468,0,200,-1,-1,-1,-1,0,0,0
'1731041626493,'2024-11-08 15:53:46.493,0,200,-1,-1,-1,-1,0,0,0
'1731041626502,'2024-11-08 15:53:46.502,0,200,-1,-1,-1,-1,0,0,0
'1731041626511,'2024-11-08 15:53:46.511,0,200,-1,-1,-1,-1,0,0,0
'1731041626519,'2024-11-08 15:53:46.519,0,200,-1,-1,-1,-1,0,0,0
'1731041626537,'2024-11-08 15:53:46.537,0,200,-1,-1,-1,-1,0,0,0
'1731041626545,'2024-11-08 15:53:46.545,0,200,-1,-1,-1,-1,0,0,0
'1731041626554,'2024-11-08 15:53:46.554,0,200,-1,-1,-1,-1,0,0,0
'1731041626563,'2024-11-08 15:53:46.563,0,200,-1,-1,-1,-1,0,0,0
'1731041626580,'2024-11-08 15:53:46.580,0,200,-1,-1,-1,-1,0,0,0
'1731041626596,'2024-11-08 15:53:46.596,0,200,-1,-1,-1,-1,0,0,0
'1731041626604,'2024-11-08 15:53:46.604,0,200,-1,-1,-1,-1,0,0,0
'1731041626622,'2024-11-08 15:53:46.622,0,200,-1,-1,-1,-1,0,0,0
'1731041626631,'2024-11-08 15:53:46.631,0,200,-1,-1,-1,-1,0,0,0
'1731041626639,'2024-11-08 15:53:46.639,0,200,-1,-1,-1,-1,0,0,0
'1731041626648,'2024-11-08 15:53:46.648,0,200,-1,-1,-1,-1,0,0,0
'1731041626665,'2024-11-08 15:53:46.665,0,200,-1,-1,-1,-1,0,0,0
'1731041626674,'2024-11-08 15:53:46.674,0,200,-1,-1,-1,-1,0,0,0
'1731041626684,'2024-11-08 15:53:46.684,0,200,-1,-1,-1,-1,0,0,0
'1731041626701,'2024-11-08 15:53:46.701,0,200,-1,-1,-1,-1,0,0,0
'1731041626710,'2024-11-08 15:53:46.710,0,200,-1,-1,-1,-1,0,0,0
'1731041626718,'2024-11-08 15:53:46.718,0,200,-1,-1,-1,-1,0,0,0
'1731041626735,'2024-11-08 15:53:46.735,0,200,-1,-1,-1,-1,0,0,0
'1731041626743,'2024-11-08 15:53:46.743,0,200,-1,-1,-1,-1,0,0,0
'1731041626760,'2024-11-08 15:53:46.760,0,200,-1,-1,-1,-1,0,0,0
'1731041626769,'2024-11-08 15:53:46.769,0,200,-1,-1,-1,-1,0,0,0
'1731041626787,'2024-11-08 15:53:46.787,0,200,-1,-1,-1,-1,0,0,0
'1731041626803,'2024-11-08 15:53:46.803,0,200,-1,-1,-1,-1,0,0,0
'1731041626811,'2024-11-08 15:53:46.811,0,200,-1,-1,-1,-1,0,0,0
'1731041626820,'2024-11-08 15:53:46.820,0,200,-1,-1,-1,-1,0,0,0
'1731041626838,'2024-11-08 15:53:46.838,0,200,-1,-1,-1,-1,0,0,0
'1731041626847,'2024-11-08 15:53:46.847,0,200,-1,-1,-1,-1,0,0,0
'1731041626864,'2024-11-08 15:53:46.864,0,200,-1,-1,-1,-1,0,0,0
'1731041626872,'2024-11-08 15:53:46.872,0,200,-1,-1,-1,-1,0,0,0
'1731041626889,'2024-11-08 15:53:46.889,0,200,-1,-1,-1,-1,0,0,0
'1731041626897,'2024-11-08 15:53:46.897,0,200,-1,-1,-1,-1,0,0,0
'1731041626915,'2024-11-08 15:53:46.915,0,200,-1,-1,-1,-1,0,0,0
'1731041626923,'2024-11-08 15:53:46.923,0,200,-1,-1,-1,-1,0,0,0
'1731041626939,'2024-11-08 15:53:46.939,0,200,-1,-1,-1,-1,0,0,0
'1731041626947,'2024-11-08 15:53:46.947,0,200,-1,-1,-1,-1,0,0,0
'1731041626965,'2024-11-08 15:53:46.965,0,200,-1,-1,-1,-1,0,0,0
'1731041626973,'2024-11-08 15:53:46.973,0,200,-1,-1,-1,-1,0,0,0
'1731041626981,'2024-11-08 15:53:46.981,0,200,-1,-1,-1,-1,0,0,0
'1731041626998,'2024-11-08 15:53:46.998,0,200,-1,-1,-1,-1,0,0,0
'1731041627007,'2024-11-08 15:53:47.007,0,200,-1,-1,-1,-1,0,0,0
'1731041627025,'2024-11-08 15:53:47.025,0,200,-1,-1,-1,-1,0,0,0
'1731041627033,'2024-11-08 15:53:47.033,0,200,-1,-1,-1,-1,0,0,0
'1731041627041,'2024-11-08 15:53:47.041,0,200,-1,-1,-1,-1,0,0,0
'1731041627059,'2024-11-08 15:53:47.059,0,200,-1,-1,-1,-1,0,0,0
'1731041627067,'2024-11-08 15:53:47.067,0,200,-1,-1,-1,-1,0,0,0
'1731041627084,'2024-11-08 15:53:47.084,0,200,-1,-1,-1,-1,0,0,0
'1731041627101,'2024-11-08 15:53:47.101,0,200,-1,-1,-1,-1,0,0,0
'1731041627109,'2024-11-08 15:53:47.109,0,200,-1,-1,-1,-1,0,0,0
'1731041627117,'2024-11-08 15:53:47.117,0,200,-1,-1,-1,-1,0,0,0
'1731041627135,'2024-11-08 15:53:47.135,0,200,-1,-1,-1,-1,0,0,0
'1731041627144,'2024-11-08 15:53:47.144,0,200,-1,-1,-1,-1,0,0,0
'1731041627162,'2024-11-08 15:53:47.162,0,200,-1,-1,-1,-1,0,0,0
'1731041627170,'2024-11-08 15:53:47.170,0,200,-1,-1,-1,-1,0,0,0
'1731041627179,'2024-11-08 15:53:47.179,0,200,-1,-1,-1,-1,0,0,0
'1731041627198,'2024-11-08 15:53:47.198,0,200,-1,-1,-1,-1,0,0,0
'1731041627214,'2024-11-08 15:53:47.214,0,200,-1,-1,-1,-1,0,0,0
'1731041627223,'2024-11-08 15:53:47.223,0,200,-1,-1,-1,-1,0,0,0
'1731041627231,'2024-11-08 15:53:47.231,0,200,-1,-1,-1,-1,0,0,0
'1731041627249,'2024-11-08 15:53:47.249,0,200,-1,-1,-1,-1,0,0,0
'1731041627258,'2024-11-08 15:53:47.258,0,200,-1,-1,-1,-1,0,0,0
'1731041627275,'2024-11-08 15:53:47.275,0,200,-1,-1,-1,-1,0,0,0
'1731041627283,'2024-11-08 15:53:47.283,0,200,-1,-1,-1,-1,0,0,0
'1731041627292,'2024-11-08 15:53:47.292,0,200,-1,-1,-1,-1,0,0,0
'1731041627308,'2024-11-08 15:53:47.308,0,200,-1,-1,-1,-1,0,0,0
'1731041627325,'2024-11-08 15:53:47.325,0,200,-1,-1,-1,-1,0,0,0
'1731041627343,'2024-11-08 15:53:47.343,0,200,-1,-1,-1,-1,0,0,0
'1731041627351,'2024-11-08 15:53:47.351,0,200,-1,-1,-1,-1,0,0,0
'1731041627369,'2024-11-08 15:53:47.369,0,200,-1,-1,-1,-1,0,0,0
'1731041627386,'2024-11-08 15:53:47.386,0,200,-1,-1,-1,-1,0,0,0
'1731041627395,'2024-11-08 15:53:47.395,0,200,-1,-1,-1,-1,0,0,0
'1731041627403,'2024-11-08 15:53:47.403,0,200,-1,-1,-1,-1,0,0,0
'1731041627421,'2024-11-08 15:53:47.421,0,200,-1,-1,-1,-1,0,0,0
'1731041627437,'2024-11-08 15:53:47.437,0,200,-1,-1,-1,-1,0,0,0
'1731041627446,'2024-11-08 15:53:47.446,0,200,-1,-1,-1,-1,0,0,0
'1731041627463,'2024-11-08 15:53:47.463,0,200,-1,-1,-1,-1,0,0,0
'1731041627489,'2024-11-08 15:53:47.489,0,200,-1,-1,-1,-1,0,0,0
'1731041627498,'2024-11-08 15:53:47.498,0,200,-1,-1,-1,-1,0,0,0
'1731041627507,'2024-11-08 15:53:47.507,0,200,-1,-1,-1,-1,0,0,0
'1731041627516,'2024-11-08 15:53:47.516,0,200,-1,-1,-1,-1,0,0,0
'1731041627534,'2024-11-08 15:53:47.534,0,200,-1,-1,-1,-1,0,0,0
'1731041627552,'2024-11-08 15:53:47.552,0,200,-1,-1,-1,-1,0,0,0
'1731041627561,'2024-11-08 15:53:47.561,0,200,-1,-1,-1,-1,0,0,0
'1731041627578,'2024-11-08 15:53:47.578,0,200,-1,-1,-1,-1,0,0,0
'1731041627587,'2024-11-08 15:53:47.587,0,200,-1,-1,-1,-1,0,0,0
'1731041627615,'2024-11-08 15:53:47.615,0,200,-1,-1,-1,-1,0,0,0
'1731041627632,'2024-11-08 15:53:47.632,0,200,-1,-1,-1,-1,0,0,0
'1731041627640,'2024-11-08 15:53:47.640,0,200,-1,-1,-1,-1,0,0,0
'1731041627649,'2024-11-08 15:53:47.649,0,200,-1,-1,-1,-1,0,0,0
'1731041627667,'2024-11-08 15:53:47.667,0,200,-1,-1,-1,-1,0,0,0
'1731041627675,'2024-11-08 15:53:47.675,0,200,-1,-1,-1,-1,0,0,0
'1731041627693,'2024-11-08 15:53:47.693,0,200,-1,-1,-1,-1,0,0,0
'1731041627710,'2024-11-08 15:53:47.710,0,200,-1,-1,-1,-1,0,0,0
'1731041627718,'2024-11-08 15:53:47.718,0,200,-1,-1,-1,-1,0,0,0
'1731041627735,'2024-11-08 15:53:47.735,0,200,-1,-1,-1,-1,0,0,0
'1731041627752,'2024-11-08 15:53:47.752,0,200,-1,-1,-1,-1,0,0,0
'1731041627760,'2024-11-08 15:53:47.760,0,200,-1,-1,-1,-1,0,0,0
'1731041627777,'2024-11-08 15:53:47.777,0,200,-1,-1,-1,-1,0,0,0
'1731041627793,'2024-11-08 15:53:47.793,0,200,-1,-1,-1,-1,0,0,0
'1731041627801,'2024-11-08 15:53:47.801,0,200,-1,-1,-1,-1,0,0,0
'1731041627818,'2024-11-08 15:53:47.818,0,200,-1,-1,-1,-1,0,0,0
'1731041627827,'2024-11-08 15:53:47.827,0,200,-1,-1,-1,-1,0,0,0
'1731041627845,'2024-11-08 15:53:47.845,0,200,-1,-1,-1,-1,0,0,0
'1731041627854,'2024-11-08 15:53:47.854,0,200,-1,-1,-1,-1,0,0,0
'1731041627871,'2024-11-08 15:53:47.871,0,200,-1,-1,-1,-1,0,0,0
'1731041627880,'2024-11-08 15:53:47.880,0,200,-1,-1,-1,-1,0,0,0
'1731041627897,'2024-11-08 15:53:47.897,0,200,-1,-1,-1,-1,0,0,0
'1731041627906,'2024-11-08 15:53:47.906,0,200,-1,-1,-1,-1,0,0,0
'1731041627922,'2024-11-08 15:53:47.922,0,200,-1,-1,-1,-1,0,0,0
'1731041627931,'2024-11-08 15:53:47.931,0,200,-1,-1,-1,-1,0,0,0
'1731041627941,'2024-11-08 15:53:47.941,0,200,-1,-1,-1,-1,0,0,0
'1731041627949,'2024-11-08 15:53:47.949,0,200,-1,-1,-1,-1,0,0,0
'1731041627966,'2024-11-08 15:53:47.966,0,200,-1,-1,-1,-1,0,0,0
'1731041627982,'2024-11-08 15:53:47.982,0,200,-1,-1,-1,-1,0,0,0
'1731041627991,'2024-11-08 15:53:47.991,0,200,-1,-1,-1,-1,0,0,0
'1731041628007,'2024-11-08 15:53:48.007,0,200,-1,-1,-1,-1,0,0,0
'1731041628016,'2024-11-08 15:53:48.016,0,200,-1,-1,-1,-1,0,0,0
'1731041628032,'2024-11-08 15:53:48.032,0,200,-1,-1,-1,-1,0,0,0
'1731041628101,'2024-11-08 15:53:48.101,0,200,-1,-1,-1,-1,0,0,0
'1731041628118,'2024-11-08 15:53:48.118,0,200,-1,-1,-1,-1,0,0,0
'1731041628134,'2024-11-08 15:53:48.134,0,200,-1,-1,-1,-1,0,0,0
'1731041628144,'2024-11-08 15:53:48.144,0,200,-1,-1,-1,-1,0,0,0
'1731041628152,'2024-11-08 15:53:48.152,0,200,-1,-1,-1,-1,0,0,0
'1731041628160,'2024-11-08 15:53:48.160,0,200,-1,-1,-1,-1,0,0,0
'1731041628178,'2024-11-08 15:53:48.178,0,200,-1,-1,-1,-1,0,0,0
'1731041628186,'2024-11-08 15:53:48.186,0,200,-1,-1,-1,-1,0,0,0
'1731041628203,'2024-11-08 15:53:48.203,0,200,-1,-1,-1,-1,0,0,0
'1731041628213,'2024-11-08 15:53:48.213,0,200,-1,-1,-1,-1,0,0,0
'1731041628221,'2024-11-08 15:53:48.221,0,200,-1,-1,-1,-1,0,0,0
'1731041628229,'2024-11-08 15:53:48.229,0,200,-1,-1,-1,-1,0,0,0
'1731041628238,'2024-11-08 15:53:48.238,0,200,-1,-1,-1,-1,0,0,0
'1731041628256,'2024-11-08 15:53:48.256,0,200,-1,-1,-1,-1,0,0,0
'1731041628264,'2024-11-08 15:53:48.264,0,200,-1,-1,-1,-1,0,0,0
'1731041628281,'2024-11-08 15:53:48.281,0,200,-1,-1,-1,-1,0,0,0
'1731041628290,'2024-11-08 15:53:48.290,0,200,-1,-1,-1,-1,0,0,0
'1731041628307,'2024-11-08 15:53:48.307,0,200,-1,-1,-1,-1,0,0,0
'1731041628316,'2024-11-08 15:53:48.316,0,200,-1,-1,-1,-1,0,0,0
'1731041628334,'2024-11-08 15:53:48.334,0,200,-1,-1,-1,-1,0,0,0
'1731041628342,'2024-11-08 15:53:48.342,0,200,-1,-1,-1,-1,0,0,0
'1731041628351,'2024-11-08 15:53:48.351,0,200,-1,-1,-1,-1,0,0,0
'1731041628369,'2024-11-08 15:53:48.369,0,200,-1,-1,-1,-1,0,0,0
'1731041628387,'2024-11-08 15:53:48.387,0,200,-1,-1,-1,-1,0,0,0
'1731041628396,'2024-11-08 15:53:48.396,0,200,-1,-1,-1,-1,0,0,0
'1731041628405,'2024-11-08 15:53:48.405,0,200,-1,-1,-1,-1,0,0,0
'1731041628422,'2024-11-08 15:53:48.422,0,200,-1,-1,-1,-1,0,0,0
'1731041628430,'2024-11-08 15:53:48.430,0,200,-1,-1,-1,-1,0,0,0
'1731041628439,'2024-11-08 15:53:48.439,0,200,-1,-1,-1,-1,0,0,0
'1731041628455,'2024-11-08 15:53:48.455,0,200,-1,-1,-1,-1,0,0,0
'1731041628473,'2024-11-08 15:53:48.473,0,200,-1,-1,-1,-1,0,0,0
'1731041628490,'2024-11-08 15:53:48.490,0,200,-1,-1,-1,-1,0,0,0
'1731041628499,'2024-11-08 15:53:48.499,0,200,-1,-1,-1,-1,0,0,0
'1731041628508,'2024-11-08 15:53:48.508,0,200,-1,-1,-1,-1,0,0,0
'1731041628533,'2024-11-08 15:53:48.533,0,200,-1,-1,-1,-1,0,0,0
'1731041628542,'2024-11-08 15:53:48.542,0,200,-1,-1,-1,-1,0,0,0
'1731041628559,'2024-11-08 15:53:48.559,0,200,-1,-1,-1,-1,0,0,0
'1731041628567,'2024-11-08 15:53:48.567,0,200,-1,-1,-1,-1,0,0,0
'1731041628584,'2024-11-08 15:53:48.584,0,200,-1,-1,-1,-1,0,0,0
'1731041628593,'2024-11-08 15:53:48.593,0,200,-1,-1,-1,-1,0,0,0
'1731041628602,'2024-11-08 15:53:48.602,0,200,-1,-1,-1,-1,0,0,0
'1731041628611,'2024-11-08 15:53:48.611,0,200,-1,-1,-1,-1,0,0,0
'1731041628628,'2024-11-08 15:53:48.628,0,200,-1,-1,-1,-1,0,0,0
'1731041628637,'2024-11-08 15:53:48.637,0,200,-1,-1,-1,-1,0,0,0
'1731041628645,'2024-11-08 15:53:48.645,0,200,-1,-1,-1,-1,0,0,0
'1731041628653,'2024-11-08 15:53:48.653,0,200,-1,-1,-1,-1,0,0,0
'1731041628670,'2024-11-08 15:53:48.670,0,200,-1,-1,-1,-1,0,0,0
'1731041628678,'2024-11-08 15:53:48.678,0,200,-1,-1,-1,-1,0,0,0
'1731041628687,'2024-11-08 15:53:48.687,0,200,-1,-1,-1,-1,0,0,0
'1731041628704,'2024-11-08 15:53:48.704,0,200,-1,-1,-1,-1,0,0,0
'1731041628712,'2024-11-08 15:53:48.712,0,200,-1,-1,-1,-1,0,0,0
'1731041628729,'2024-11-08 15:53:48.729,0,200,-1,-1,-1,-1,0,0,0
'1731041628737,'2024-11-08 15:53:48.737,0,200,-1,-1,-1,-1,0,0,0
'1731041628746,'2024-11-08 15:53:48.746,0,200,-1,-1,-1,-1,0,0,0
'1731041628765,'2024-11-08 15:53:48.765,0,200,-1,-1,-1,-1,0,0,0
'1731041628774,'2024-11-08 15:53:48.774,0,200,-1,-1,-1,-1,0,0,0
'1731041628782,'2024-11-08 15:53:48.782,0,200,-1,-1,-1,-1,0,0,0
'1731041628790,'2024-11-08 15:53:48.790,0,200,-1,-1,-1,-1,0,0,0
'1731041628816,'2024-11-08 15:53:48.816,0,200,-1,-1,-1,-1,0,0,0
'1731041628824,'2024-11-08 15:53:48.824,0,200,-1,-1,-1,-1,0,0,0
'1731041628833,'2024-11-08 15:53:48.833,0,200,-1,-1,-1,-1,0,0,0
'1731041628850,'2024-11-08 15:53:48.850,0,200,-1,-1,-1,-1,0,0,0
'1731041628859,'2024-11-08 15:53:48.859,0,200,-1,-1,-1,-1,0,0,0
'1731041628868,'2024-11-08 15:53:48.868,0,200,-1,-1,-1,-1,0,0,0
'1731041628876,'2024-11-08 15:53:48.876,0,200,-1,-1,-1,-1,0,0,0
'1731041628893,'2024-11-08 15:53:48.893,0,200,-1,-1,-1,-1,0,0,0
'1731041628902,'2024-11-08 15:53:48.902,0,200,-1,-1,-1,-1,0,0,0
'1731041628911,'2024-11-08 15:53:48.911,0,200,-1,-1,-1,-1,0,0,0
'1731041628927,'2024-11-08 15:53:48.927,0,200,-1,-1,-1,-1,0,0,0
'1731041628937,'2024-11-08 15:53:48.937,0,200,-1,-1,-1,-1,0,0,0
'1731041628955,'2024-11-08 15:53:48.955,0,200,-1,-1,-1,-1,0,0,0
'1731041628964,'2024-11-08 15:53:48.964,0,200,-1,-1,-1,-1,0,0,0
'1731041628981,'2024-11-08 15:53:48.981,0,200,-1,-1,-1,-1,0,0,0
'1731041628989,'2024-11-08 15:53:48.989,0,200,-1,-1,-1,-1,0,0,0
'1731041628998,'2024-11-08 15:53:48.998,0,200,-1,-1,-1,-1,0,0,0
'1731041629007,'2024-11-08 15:53:49.007,0,200,-1,-1,-1,-1,0,0,0
'1731041629023,'2024-11-08 15:53:49.023,0,200,-1,-1,-1,-1,0,0,0
'1731041629032,'2024-11-08 15:53:49.032,0,200,-1,-1,-1,-1,0,0,0
'1731041629040,'2024-11-08 15:53:49.040,0,200,-1,-1,-1,-1,0,0,0
'1731041629049,'2024-11-08 15:53:49.049,0,200,-1,-1,-1,-1,0,0,0
'1731041629067,'2024-11-08 15:53:49.067,0,200,-1,-1,-1,-1,0,0,0
'1731041629076,'2024-11-08 15:53:49.076,0,200,-1,-1,-1,-1,0,0,0
'1731041629093,'2024-11-08 15:53:49.093,0,200,-1,-1,-1,-1,0,0,0
'1731041629110,'2024-11-08 15:53:49.110,0,200,-1,-1,-1,-1,0,0,0
'1731041629128,'2024-11-08 15:53:49.128,0,200,-1,-1,-1,-1,0,0,0
'1731041629136,'2024-11-08 15:53:49.136,0,200,-1,-1,-1,-1,0,0,0
'1731041629144,'2024-11-08 15:53:49.144,0,200,-1,-1,-1,-1,0,0,0
'1731041629153,'2024-11-08 15:53:49.153,0,200,-1,-1,-1,-1,0,0,0
'1731041629162,'2024-11-08 15:53:49.162,0,200,-1,-1,-1,-1,0,0,0
'1731041629170,'2024-11-08 15:53:49.170,0,200,-1,-1,-1,-1,0,0,0
'1731041629187,'2024-11-08 15:53:49.187,0,200,-1,-1,-1,-1,0,0,0
'1731041629195,'2024-11-08 15:53:49.195,0,200,-1,-1,-1,-1,0,0,0
'1731041629212,'2024-11-08 15:53:49.212,0,200,-1,-1,-1,-1,0,0,0
'1731041629221,'2024-11-08 15:53:49.221,0,200,-1,-1,-1,-1,0,0,0
'1731041629230,'2024-11-08 15:53:49.230,0,200,-1,-1,-1,-1,0,0,0
'1731041629239,'2024-11-08 15:53:49.239,0,200,-1,-1,-1,-1,0,0,0
'1731041629256,'2024-11-08 15:53:49.256,0,200,-1,-1,-1,-1,0,0,0
'1731041629265,'2024-11-08 15:53:49.265,0,200,-1,-1,-1,-1,0,0,0
'1731041629283,'2024-11-08 15:53:49.283,0,200,-1,-1,-1,-1,0,0,0
'1731041629292,'2024-11-08 15:53:49.292,0,200,-1,-1,-1,-1,0,0,0
'1731041629310,'2024-11-08 15:53:49.310,0,200,-1,-1,-1,-1,0,0,0
'1731041629318,'2024-11-08 15:53:49.318,0,200,-1,-1,-1,-1,0,0,0
'1731041629326,'2024-11-08 15:53:49.326,0,200,-1,-1,-1,-1,0,0,0
'1731041629344,'2024-11-08 15:53:49.344,0,200,-1,-1,-1,-1,0,0,0
'1731041629352,'2024-11-08 15:53:49.352,0,200,-1,-1,-1,-1,0,0,0
'1731041629361,'2024-11-08 15:53:49.361,0,200,-1,-1,-1,-1,0,0,0
'1731041629379,'2024-11-08 15:53:49.379,0,200,-1,-1,-1,-1,0,0,0
'1731041629387,'2024-11-08 15:53:49.387,0,200,-1,-1,-1,-1,0,0,0
'1731041629403,'2024-11-08 15:53:49.403,0,200,-1,-1,-1,-1,0,0,0
'1731041629412,'2024-11-08 15:53:49.412,0,200,-1,-1,-1,-1,0,0,0
'1731041629431,'2024-11-08 15:53:49.431,0,200,-1,-1,-1,-1,0,0,0
'1731041629440,'2024-11-08 15:53:49.440,0,200,-1,-1,-1,-1,0,0,0
'1731041629457,'2024-11-08 15:53:49.457,0,200,-1,-1,-1,-1,0,0,0
'1731041629466,'2024-11-08 15:53:49.466,0,200,-1,-1,-1,-1,0,0,0
'1731041629474,'2024-11-08 15:53:49.474,0,200,-1,-1,-1,-1,0,0,0
'1731041629492,'2024-11-08 15:53:49.492,0,200,-1,-1,-1,-1,0,0,0
'1731041629501,'2024-11-08 15:53:49.501,0,200,-1,-1,-1,-1,0,0,0
'1731041629510,'2024-11-08 15:53:49.510,0,200,-1,-1,-1,-1,0,0,0
'1731041629528,'2024-11-08 15:53:49.528,0,200,-1,-1,-1,-1,0,0,0
'1731041629536,'2024-11-08 15:53:49.536,0,200,-1,-1,-1,-1,0,0,0
'1731041629552,'2024-11-08 15:53:49.552,0,200,-1,-1,-1,-1,0,0,0
'1731041629569,'2024-11-08 15:53:49.569,0,200,-1,-1,-1,-1,0,0,0
'1731041629578,'2024-11-08 15:53:49.578,0,200,-1,-1,-1,-1,0,0,0
'1731041629595,'2024-11-08 15:53:49.595,0,200,-1,-1,-1,-1,0,0,0
'1731041629603,'2024-11-08 15:53:49.603,0,200,-1,-1,-1,-1,0,0,0
'1731041629619,'2024-11-08 15:53:49.619,0,200,-1,-1,-1,-1,0,0,0
'1731041629628,'2024-11-08 15:53:49.628,0,200,-1,-1,-1,-1,0,0,0
'1731041629645,'2024-11-08 15:53:49.645,0,200,-1,-1,-1,-1,0,0,0
'1731041629654,'2024-11-08 15:53:49.654,0,200,-1,-1,-1,-1,0,0,0
'1731041629662,'2024-11-08 15:53:49.662,0,200,-1,-1,-1,-1,0,0,0
'1731041629671,'2024-11-08 15:53:49.671,0,200,-1,-1,-1,-1,0,0,0
'1731041629688,'2024-11-08 15:53:49.688,0,200,-1,-1,-1,-1,0,0,0
'1731041629697,'2024-11-08 15:53:49.697,0,200,-1,-1,-1,-1,0,0,0
'1731041629714,'2024-11-08 15:53:49.714,0,200,-1,-1,-1,-1,0,0,0
'1731041629722,'2024-11-08 15:53:49.722,0,200,-1,-1,-1,-1,0,0,0
'1731041629731,'2024-11-08 15:53:49.731,0,200,-1,-1,-1,-1,0,0,0
'1731041629748,'2024-11-08 15:53:49.748,0,200,-1,-1,-1,-1,0,0,0
'1731041629757,'2024-11-08 15:53:49.757,0,200,-1,-1,-1,-1,0,0,0
'1731041629767,'2024-11-08 15:53:49.767,0,200,-1,-1,-1,-1,0,0,0
'1731041629783,'2024-11-08 15:53:49.783,0,200,-1,-1,-1,-1,0,0,0
'1731041629801,'2024-11-08 15:53:49.801,0,200,-1,-1,-1,-1,0,0,0
'1731041629809,'2024-11-08 15:53:49.809,0,200,-1,-1,-1,-1,0,0,0
'1731041629819,'2024-11-08 15:53:49.819,0,200,-1,-1,-1,-1,0,0,0
'1731041629827,'2024-11-08 15:53:49.827,0,200,-1,-1,-1,-1,0,0,0
'1731041629844,'2024-11-08 15:53:49.844,0,200,-1,-1,-1,-1,0,0,0
'1731041629861,'2024-11-08 15:53:49.861,0,200,-1,-1,-1,-1,0,0,0
'1731041629870,'2024-11-08 15:53:49.870,0,200,-1,-1,-1,-1,0,0,0
'1731041629888,'2024-11-08 15:53:49.888,0,200,-1,-1,-1,-1,0,0,0
'1731041629905,'2024-11-08 15:53:49.905,0,200,-1,-1,-1,-1,0,0,0
'1731041629914,'2024-11-08 15:53:49.914,0,200,-1,-1,-1,-1,0,0,0
'1731041629931,'2024-11-08 15:53:49.931,0,200,-1,-1,-1,-1,0,0,0
'1731041629939,'2024-11-08 15:53:49.939,0,200,-1,-1,-1,-1,0,0,0
'1731041629956,'2024-11-08 15:53:49.956,0,200,-1,-1,-1,-1,0,0,0
'1731041629973,'2024-11-08 15:53:49.973,0,200,-1,-1,-1,-1,0,0,0
'1731041629982,'2024-11-08 15:53:49.982,0,200,-1,-1,-1,-1,0,0,0
'1731041629999,'2024-11-08 15:53:49.999,0,200,-1,-1,-1,-1,0,0,0
'1731041630008,'2024-11-08 15:53:50.008,0,200,-1,-1,-1,-1,0,0,0
'1731041630025,'2024-11-08 15:53:50.025,0,200,-1,-1,-1,-1,0,0,0
'1731041630034,'2024-11-08 15:53:50.034,0,200,-1,-1,-1,-1,0,0,0
'1731041630051,'2024-11-08 15:53:50.051,0,200,-1,-1,-1,-1,0,0,0
'1731041630059,'2024-11-08 15:53:50.059,0,200,-1,-1,-1,-1,0,0,0
'1731041630067,'2024-11-08 15:53:50.067,0,200,-1,-1,-1,-1,0,0,0
'1731041630084,'2024-11-08 15:53:50.084,0,200,-1,-1,-1,-1,0,0,0
'1731041630093,'2024-11-08 15:53:50.093,0,200,-1,-1,-1,-1,0,0,0
'1731041630102,'2024-11-08 15:53:50.102,0,200,-1,-1,-1,-1,0,0,0
'1731041630119,'2024-11-08 15:53:50.119,0,200,-1,-1,-1,-1,0,0,0
'1731041630127,'2024-11-08 15:53:50.127,0,200,-1,-1,-1,-1,0,0,0
'1731041630144,'2024-11-08 15:53:50.144,0,200,-1,-1,-1,-1,0,0,0
'1731041630162,'2024-11-08 15:53:50.162,0,200,-1,-1,-1,-1,0,0,0
'1731041630170,'2024-11-08 15:53:50.170,0,200,-1,-1,-1,-1,0,0,0
'1731041630188,'2024-11-08 15:53:50.188,0,200,-1,-1,-1,-1,0,0,0
'1731041630197,'2024-11-08 15:53:50.197,0,200,-1,-1,-1,-1,0,0,0
'1731041630206,'2024-11-08 15:53:50.206,0,200,-1,-1,-1,-1,0,0,0
'1731041630224,'2024-11-08 15:53:50.224,0,200,-1,-1,-1,-1,0,0,0
'1731041630233,'2024-11-08 15:53:50.233,0,200,-1,-1,-1,-1,0,0,0
'1731041630250,'2024-11-08 15:53:50.250,0,200,-1,-1,-1,-1,0,0,0
'1731041630259,'2024-11-08 15:53:50.259,0,200,-1,-1,-1,-1,0,0,0
'1731041630268,'2024-11-08 15:53:50.268,0,200,-1,-1,-1,-1,0,0,0
'1731041630277,'2024-11-08 15:53:50.277,0,200,-1,-1,-1,-1,0,0,0
'1731041630294,'2024-11-08 15:53:50.294,0,200,-1,-1,-1,-1,0,0,0
'1731041630303,'2024-11-08 15:53:50.303,0,200,-1,-1,-1,-1,0,0,0
'1731041630311,'2024-11-08 15:53:50.311,0,200,-1,-1,-1,-1,0,0,0
'1731041630328,'2024-11-08 15:53:50.328,0,200,-1,-1,-1,-1,0,0,0
'1731041630337,'2024-11-08 15:53:50.337,0,200,-1,-1,-1,-1,0,0,0
'1731041630345,'2024-11-08 15:53:50.345,0,200,-1,-1,-1,-1,0,0,0
'1731041630363,'2024-11-08 15:53:50.363,0,200,-1,-1,-1,-1,0,0,0
'1731041630372,'2024-11-08 15:53:50.372,0,200,-1,-1,-1,-1,0,0,0
'1731041630380,'2024-11-08 15:53:50.380,0,200,-1,-1,-1,-1,0,0,0
'1731041630415,'2024-11-08 15:53:50.415,0,200,-1,-1,-1,-1,0,0,0
'1731041630424,'2024-11-08 15:53:50.424,0,200,-1,-1,-1,-1,0,0,0
'1731041630432,'2024-11-08 15:53:50.432,0,200,-1,-1,-1,-1,0,0,0
'1731041630440,'2024-11-08 15:53:50.440,0,200,-1,-1,-1,-1,0,0,0
'1731041630457,'2024-11-08 15:53:50.457,0,200,-1,-1,-1,-1,0,0,0
'1731041630475,'2024-11-08 15:53:50.475,0,200,-1,-1,-1,-1,0,0,0
'1731041630484,'2024-11-08 15:53:50.484,0,200,-1,-1,-1,-1,0,0,0
'1731041630493,'2024-11-08 15:53:50.493,0,200,-1,-1,-1,-1,0,0,0
'1731041630502,'2024-11-08 15:53:50.502,0,200,-1,-1,-1,-1,0,0,0
'1731041630520,'2024-11-08 15:53:50.520,0,200,-1,-1,-1,-1,0,0,0
'1731041630528,'2024-11-08 15:53:50.528,0,200,-1,-1,-1,-1,0,0,0
'1731041630545,'2024-11-08 15:53:50.545,0,200,-1,-1,-1,-1,0,0,0
'1731041630553,'2024-11-08 15:53:50.553,0,200,-1,-1,-1,-1,0,0,0
'1731041630562,'2024-11-08 15:53:50.562,0,200,-1,-1,-1,-1,0,0,0
'1731041630580,'2024-11-08 15:53:50.580,0,200,-1,-1,-1,-1,0,0,0
'1731041630589,'2024-11-08 15:53:50.589,0,200,-1,-1,-1,-1,0,0,0
'1731041630597,'2024-11-08 15:53:50.597,0,200,-1,-1,-1,-1,0,0,0
'1731041630614,'2024-11-08 15:53:50.614,0,200,-1,-1,-1,-1,0,0,0
'1731041630622,'2024-11-08 15:53:50.622,0,200,-1,-1,-1,-1,0,0,0
'1731041630631,'2024-11-08 15:53:50.631,0,200,-1,-1,-1,-1,0,0,0
'1731041630648,'2024-11-08 15:53:50.648,0,200,-1,-1,-1,-1,0,0,0
'1731041630657,'2024-11-08 15:53:50.657,0,200,-1,-1,-1,-1,0,0,0
'1731041630666,'2024-11-08 15:53:50.666,0,200,-1,-1,-1,-1,0,0,0
'1731041630683,'2024-11-08 15:53:50.683,0,200,-1,-1,-1,-1,0,0,0
'1731041630691,'2024-11-08 15:53:50.691,0,200,-1,-1,-1,-1,0,0,0
'1731041630709,'2024-11-08 15:53:50.709,0,200,-1,-1,-1,-1,0,0,0
'1731041630726,'2024-11-08 15:53:50.726,0,200,-1,-1,-1,-1,0,0,0
'1731041630734,'2024-11-08 15:53:50.734,0,200,-1,-1,-1,-1,0,0,0
'1731041630751,'2024-11-08 15:53:50.751,0,200,-1,-1,-1,-1,0,0,0
'1731041630760,'2024-11-08 15:53:50.760,0,200,-1,-1,-1,-1,0,0,0
'1731041630777,'2024-11-08 15:53:50.777,0,200,-1,-1,-1,-1,0,0,0
'1731041630786,'2024-11-08 15:53:50.786,0,200,-1,-1,-1,-1,0,0,0
'1731041630803,'2024-11-08 15:53:50.803,0,200,-1,-1,-1,-1,0,0,0
'1731041630811,'2024-11-08 15:53:50.811,0,200,-1,-1,-1,-1,0,0,0
'1731041630828,'2024-11-08 15:53:50.828,0,200,-1,-1,-1,-1,0,0,0
'1731041630837,'2024-11-08 15:53:50.837,0,200,-1,-1,-1,-1,0,0,0
'1731041630855,'2024-11-08 15:53:50.855,0,200,-1,-1,-1,-1,0,0,0
'1731041630863,'2024-11-08 15:53:50.863,0,200,-1,-1,-1,-1,0,0,0
'1731041630879,'2024-11-08 15:53:50.879,0,200,-1,-1,-1,-1,0,0,0
'1731041630887,'2024-11-08 15:53:50.887,0,200,-1,-1,-1,-1,0,0,0
'1731041630904,'2024-11-08 15:53:50.904,0,200,-1,-1,-1,-1,0,0,0
'1731041630914,'2024-11-08 15:53:50.914,0,200,-1,-1,-1,-1,0,0,0
'1731041630931,'2024-11-08 15:53:50.931,0,200,-1,-1,-1,-1,0,0,0
'1731041630939,'2024-11-08 15:53:50.939,0,200,-1,-1,-1,-1,0,0,0
'1731041630956,'2024-11-08 15:53:50.956,0,200,-1,-1,-1,-1,0,0,0
'1731041630973,'2024-11-08 15:53:50.973,0,200,-1,-1,-1,-1,0,0,0
'1731041630981,'2024-11-08 15:53:50.981,0,200,-1,-1,-1,-1,0,0,0
'1731041630990,'2024-11-08 15:53:50.990,0,200,-1,-1,-1,-1,0,0,0
'1731041631007,'2024-11-08 15:53:51.007,0,200,-1,-1,-1,-1,0,0,0
'1731041631015,'2024-11-08 15:53:51.015,0,200,-1,-1,-1,-1,0,0,0
'1731041631035,'2024-11-08 15:53:51.035,0,200,-1,-1,-1,-1,0,0,0
'1731041631055,'2024-11-08 15:53:51.055,0,0,-1,-1,-1,-1,0,1,0
'1731041631064,'2024-11-08 15:53:51.064,0,0,-1,-1,-1,-1,0,1,0
'1731041631073,'2024-11-08 15:53:51.073,0,0,-1,-1,-1,-1,0,1,0
'1731041631093,'2024-11-08 15:53:51.093,0,0,-1,-1,-1,-1,0,1,0
'1731041631102,'2024-11-08 15:53:51.102,0,0,-1,-1,-1,-1,0,1,0
'1731041631110,'2024-11-08 15:53:51.110,0,0,-1,-1,-1,-1,0,1,0
'1731041631119,'2024-11-08 15:53:51.119,0,0,-1,-1,-1,-1,0,1,0
'1731041631136,'2024-11-08 15:53:51.136,0,0,-1,-1,-1,-1,0,1,0
'1731041631153,'2024-11-08 15:53:51.153,0,200,-1,-1,-1,-1,0,0,0
'1731041631162,'2024-11-08 15:53:51.162,0,200,-1,-1,-1,-1,0,0,0
'1731041631170,'2024-11-08 15:53:51.170,0,200,-1,-1,-1,-1,0,0,0
'1731041631186,'2024-11-08 15:53:51.186,0,200,-1,-1,-1,-1,0,0,0
'1731041631203,'2024-11-08 15:53:51.203,0,200,-1,-1,-1,-1,0,0,0
'1731041631220,'2024-11-08 15:53:51.220,0,0,-1,-1,-1,-1,0,1,0
'1731041631237,'2024-11-08 15:53:51.237,0,0,-1,-1,-1,-1,0,1,0
'1731041631246,'2024-11-08 15:53:51.246,0,0,-1,-1,-1,-1,0,1,0
'1731041631255,'2024-11-08 15:53:51.255,0,0,-1,-1,-1,-1,0,1,0
'1731041631272,'2024-11-08 15:53:51.272,0,200,-1,-1,-1,-1,0,0,0
'1731041631289,'2024-11-08 15:53:51.289,0,200,-1,-1,-1,-1,0,0,0
'1731041631298,'2024-11-08 15:53:51.298,0,200,-1,-1,-1,-1,0,0,0
'1731041631307,'2024-11-08 15:53:51.307,0,200,-1,-1,-1,-1,0,0,0
'1731041631317,'2024-11-08 15:53:51.317,0,200,-1,-1,-1,-1,0,0,0
'1731041631334,'2024-11-08 15:53:51.334,0,200,-1,-1,-1,-1,0,0,0
'1731041631343,'2024-11-08 15:53:51.343,0,200,-1,-1,-1,-1,0,0,0
'1731041631352,'2024-11-08 15:53:51.352,0,200,-1,-1,-1,-1,0,0,0
'1731041631369,'2024-11-08 15:53:51.369,0,200,-1,-1,-1,-1,0,0,0
'1731041631386,'2024-11-08 15:53:51.386,0,200,-1,-1,-1,-1,0,0,0
'1731041631396,'2024-11-08 15:53:51.396,0,200,-1,-1,-1,-1,0,0,0
'1731041631404,'2024-11-08 15:53:51.404,0,200,-1,-1,-1,-1,0,0,0
'1731041631421,'2024-11-08 15:53:51.421,0,200,-1,-1,-1,-1,0,0,0
'1731041631430,'2024-11-08 15:53:51.430,0,200,-1,-1,-1,-1,0,0,0
'1731041631463,'2024-11-08 15:53:51.463,0,200,-1,-1,-1,-1,0,0,0
'1731041631472,'2024-11-08 15:53:51.472,0,200,-1,-1,-1,-1,0,0,0
'1731041631480,'2024-11-08 15:53:51.480,0,200,-1,-1,-1,-1,0,0,0
'1731041631498,'2024-11-08 15:53:51.498,0,200,-1,-1,-1,-1,0,0,0
'1731041631516,'2024-11-08 15:53:51.516,0,200,-1,-1,-1,-1,0,0,0
'1731041631524,'2024-11-08 15:53:51.524,0,200,-1,-1,-1,-1,0,0,0
'1731041631534,'2024-11-08 15:53:51.534,0,200,-1,-1,-1,-1,0,0,0
'1731041631559,'2024-11-08 15:53:51.559,0,200,-1,-1,-1,-1,0,0,0
'1731041631575,'2024-11-08 15:53:51.575,0,200,-1,-1,-1,-1,0,0,0
'1731041631592,'2024-11-08 15:53:51.592,0,200,-1,-1,-1,-1,0,0,0
'1731041631608,'2024-11-08 15:53:51.608,0,200,-1,-1,-1,-1,0,0,0
'1731041631617,'2024-11-08 15:53:51.617,0,200,-1,-1,-1,-1,0,0,0
'1731041631634,'2024-11-08 15:53:51.634,0,200,-1,-1,-1,-1,0,0,0
'1731041631652,'2024-11-08 15:53:51.652,0,200,-1,-1,-1,-1,0,0,0
'1731041631660,'2024-11-08 15:53:51.660,0,200,-1,-1,-1,-1,0,0,0
'1731041631677,'2024-11-08 15:53:51.677,0,200,-1,-1,-1,-1,0,0,0
'1731041631685,'2024-11-08 15:53:51.685,0,200,-1,-1,-1,-1,0,0,0
'1731041631694,'2024-11-08 15:53:51.694,0,200,-1,-1,-1,-1,0,0,0
'1731041631711,'2024-11-08 15:53:51.711,0,200,-1,-1,-1,-1,0,0,0
'1731041631720,'2024-11-08 15:53:51.720,0,200,-1,-1,-1,-1,0,0,0
'1731041631737,'2024-11-08 15:53:51.737,0,200,-1,-1,-1,-1,0,0,0
'1731041631753,'2024-11-08 15:53:51.753,0,200,-1,-1,-1,-1,0,0,0
'1731041631762,'2024-11-08 15:53:51.762,0,200,-1,-1,-1,-1,0,0,0
'1731041631771,'2024-11-08 15:53:51.771,0,200,-1,-1,-1,-1,0,0,0
'1731041631780,'2024-11-08 15:53:51.780,0,200,-1,-1,-1,-1,0,0,0
'1731041631797,'2024-11-08 15:53:51.797,0,200,-1,-1,-1,-1,0,0,0
'1731041631806,'2024-11-08 15:53:51.806,0,200,-1,-1,-1,-1,0,0,0
'1731041631824,'2024-11-08 15:53:51.824,0,200,-1,-1,-1,-1,0,0,0
'1731041631841,'2024-11-08 15:53:51.841,0,200,-1,-1,-1,-1,0,0,0
'1731041631850,'2024-11-08 15:53:51.850,0,200,-1,-1,-1,-1,0,0,0
'1731041631859,'2024-11-08 15:53:51.859,0,200,-1,-1,-1,-1,0,0,0
'1731041631876,'2024-11-08 15:53:51.876,0,200,-1,-1,-1,-1,0,0,0
'1731041631885,'2024-11-08 15:53:51.885,0,200,-1,-1,-1,-1,0,0,0
'1731041631894,'2024-11-08 15:53:51.894,0,200,-1,-1,-1,-1,0,0,0
'1731041631912,'2024-11-08 15:53:51.912,0,200,-1,-1,-1,-1,0,0,0
'1731041631928,'2024-11-08 15:53:51.928,0,200,-1,-1,-1,-1,0,0,0
'1731041631937,'2024-11-08 15:53:51.937,0,200,-1,-1,-1,-1,0,0,0
'1731041631946,'2024-11-08 15:53:51.946,0,200,-1,-1,-1,-1,0,0,0
'1731041631955,'2024-11-08 15:53:51.955,0,200,-1,-1,-1,-1,0,0,0
'1731041631973,'2024-11-08 15:53:51.973,0,200,-1,-1,-1,-1,0,0,0
'1731041631982,'2024-11-08 15:53:51.982,0,200,-1,-1,-1,-1,0,0,0
'1731041631991,'2024-11-08 15:53:51.991,0,200,-1,-1,-1,-1,0,0,0
'1731041632000,'2024-11-08 15:53:52.000,0,200,-1,-1,-1,-1,0,0,0
'1731041632017,'2024-11-08 15:53:52.017,0,200,-1,-1,-1,-1,0,0,0
'1731041632026,'2024-11-08 15:53:52.026,0,200,-1,-1,-1,-1,0,0,0
'1731041632034,'2024-11-08 15:53:52.034,0,200,-1,-1,-1,-1,0,0,0
'1731041632043,'2024-11-08 15:53:52.043,0,200,-1,-1,-1,-1,0,0,0
'1731041632053,'2024-11-08 15:53:52.053,0,200,-1,-1,-1,-1,0,0,0
'1731041632061,'2024-11-08 15:53:52.061,0,200,-1,-1,-1,-1,0,0,0
'1731041632070,'2024-11-08 15:53:52.070,0,200,-1,-1,-1,-1,0,0,0
'1731041632087,'2024-11-08 15:53:52.087,0,200,-1,-1,-1,-1,0,0,0
'1731041632095,'2024-11-08 15:53:52.095,0,200,-1,-1,-1,-1,0,0,0
'1731041632103,'2024-11-08 15:53:52.103,0,200,-1,-1,-1,-1,0,0,0
'1731041632112,'2024-11-08 15:53:52.112,0,200,-1,-1,-1,-1,0,0,0
'1731041632129,'2024-11-08 15:53:52.129,0,200,-1,-1,-1,-1,0,0,0
'1731041632138,'2024-11-08 15:53:52.138,0,200,-1,-1,-1,-1,0,0,0
'1731041632154,'2024-11-08 15:53:52.154,0,200,-1,-1,-1,-1,0,0,0
'1731041632163,'2024-11-08 15:53:52.163,0,200,-1,-1,-1,-1,0,0,0
'1731041632180,'2024-11-08 15:53:52.180,0,200,-1,-1,-1,-1,0,0,0
'1731041632188,'2024-11-08 15:53:52.188,0,200,-1,-1,-1,-1,0,0,0
'1731041632196,'2024-11-08 15:53:52.196,0,200,-1,-1,-1,-1,0,0,0
'1731041632213,'2024-11-08 15:53:52.213,0,200,-1,-1,-1,-1,0,0,0
'1731041632221,'2024-11-08 15:53:52.221,0,200,-1,-1,-1,-1,0,0,0
'1731041632238,'2024-11-08 15:53:52.238,0,200,-1,-1,-1,-1,0,0,0
'1731041632255,'2024-11-08 15:53:52.255,0,200,-1,-1,-1,-1,0,0,0
'1731041632264,'2024-11-08 15:53:52.264,0,200,-1,-1,-1,-1,0,0,0
'1731041632272,'2024-11-08 15:53:52.272,0,200,-1,-1,-1,-1,0,0,0
'1731041632281,'2024-11-08 15:53:52.281,0,200,-1,-1,-1,-1,0,0,0
'1731041632290,'2024-11-08 15:53:52.290,0,200,-1,-1,-1,-1,0,0,0
'1731041632298,'2024-11-08 15:53:52.298,0,200,-1,-1,-1,-1,0,0,0
'1731041632307,'2024-11-08 15:53:52.307,0,200,-1,-1,-1,-1,0,0,0
'1731041632316,'2024-11-08 15:53:52.316,0,200,-1,-1,-1,-1,0,0,0
'1731041632333,'2024-11-08 15:53:52.333,0,200,-1,-1,-1,-1,0,0,0
'1731041632342,'2024-11-08 15:53:52.342,0,200,-1,-1,-1,-1,0,0,0
'1731041632350,'2024-11-08 15:53:52.350,0,200,-1,-1,-1,-1,0,0,0
'1731041632359,'2024-11-08 15:53:52.359,0,200,-1,-1,-1,-1,0,0,0
'1731041632367,'2024-11-08 15:53:52.367,0,200,-1,-1,-1,-1,0,0,0
'1731041632384,'2024-11-08 15:53:52.384,0,200,-1,-1,-1,-1,0,0,0
'1731041632393,'2024-11-08 15:53:52.393,0,200,-1,-1,-1,-1,0,0,0
'1731041632401,'2024-11-08 15:53:52.401,0,200,-1,-1,-1,-1,0,0,0
'1731041632410,'2024-11-08 15:53:52.410,0,200,-1,-1,-1,-1,0,0,0
'1731041632419,'2024-11-08 15:53:52.419,0,200,-1,-1,-1,-1,0,0,0
'1731041632427,'2024-11-08 15:53:52.427,0,200,-1,-1,-1,-1,0,0,0
'1731041632436,'2024-11-08 15:53:52.436,0,200,-1,-1,-1,-1,0,0,0
'1731041632453,'2024-11-08 15:53:52.453,0,200,-1,-1,-1,-1,0,0,0
'1731041632478,'2024-11-08 15:53:52.478,0,200,-1,-1,-1,-1,0,0,0
'1731041632487,'2024-11-08 15:53:52.487,0,200,-1,-1,-1,-1,0,0,0
'1731041632505,'2024-11-08 15:53:52.505,0,200,-1,-1,-1,-1,0,0,0
'1731041632513,'2024-11-08 15:53:52.513,0,200,-1,-1,-1,-1,0,0,0
'1731041632522,'2024-11-08 15:53:52.522,0,200,-1,-1,-1,-1,0,0,0
'1731041632531,'2024-11-08 15:53:52.531,0,200,-1,-1,-1,-1,0,0,0
'1731041632539,'2024-11-08 15:53:52.539,0,200,-1,-1,-1,-1,0,0,0
'1731041632556,'2024-11-08 15:53:52.556,0,200,-1,-1,-1,-1,0,0,0
'1731041632565,'2024-11-08 15:53:52.565,0,200,-1,-1,-1,-1,0,0,0
'1731041632581,'2024-11-08 15:53:52.581,0,200,-1,-1,-1,-1,0,0,0
'1731041632598,'2024-11-08 15:53:52.598,0,200,-1,-1,-1,-1,0,0,0
'1731041632615,'2024-11-08 15:53:52.615,0,200,-1,-1,-1,-1,0,0,0
'1731041632632,'2024-11-08 15:53:52.632,0,200,-1,-1,-1,-1,0,0,0
'1731041632640,'2024-11-08 15:53:52.640,0,200,-1,-1,-1,-1,0,0,0
'1731041632649,'2024-11-08 15:53:52.649,0,200,-1,-1,-1,-1,0,0,0
'1731041632658,'2024-11-08 15:53:52.658,0,200,-1,-1,-1,-1,0,0,0
'1731041632667,'2024-11-08 15:53:52.667,0,200,-1,-1,-1,-1,0,0,0
'1731041632683,'2024-11-08 15:53:52.683,0,200,-1,-1,-1,-1,0,0,0
'1731041632692,'2024-11-08 15:53:52.692,0,200,-1,-1,-1,-1,0,0,0
'1731041632700,'2024-11-08 15:53:52.700,0,200,-1,-1,-1,-1,0,0,0
'1731041632709,'2024-11-08 15:53:52.709,0,200,-1,-1,-1,-1,0,0,0
'1731041632717,'2024-11-08 15:53:52.717,0,200,-1,-1,-1,-1,0,0,0
'1731041632735,'2024-11-08 15:53:52.735,0,200,-1,-1,-1,-1,0,0,0
'1731041632744,'2024-11-08 15:53:52.744,0,200,-1,-1,-1,-1,0,0,0
'1731041632753,'2024-11-08 15:53:52.753,0,200,-1,-1,-1,-1,0,0,0
'1731041632762,'2024-11-08 15:53:52.762,0,200,-1,-1,-1,-1,0,0,0
'1731041632779,'2024-11-08 15:53:52.779,0,200,-1,-1,-1,-1,0,0,0
'1731041632788,'2024-11-08 15:53:52.788,0,200,-1,-1,-1,-1,0,0,0
'1731041632796,'2024-11-08 15:53:52.796,0,200,-1,-1,-1,-1,0,0,0
'1731041632805,'2024-11-08 15:53:52.805,0,200,-1,-1,-1,-1,0,0,0
'1731041632814,'2024-11-08 15:53:52.814,0,200,-1,-1,-1,-1,0,0,0
'1731041632831,'2024-11-08 15:53:52.831,0,200,-1,-1,-1,-1,0,0,0
'1731041632840,'2024-11-08 15:53:52.840,0,200,-1,-1,-1,-1,0,0,0
'1731041632848,'2024-11-08 15:53:52.848,0,200,-1,-1,-1,-1,0,0,0
'1731041632856,'2024-11-08 15:53:52.856,0,200,-1,-1,-1,-1,0,0,0
'1731041632866,'2024-11-08 15:53:52.866,0,200,-1,-1,-1,-1,0,0,0
'1731041632875,'2024-11-08 15:53:52.875,0,200,-1,-1,-1,-1,0,0,0
'1731041632883,'2024-11-08 15:53:52.883,0,200,-1,-1,-1,-1,0,0,0
'1731041632892,'2024-11-08 15:53:52.892,0,200,-1,-1,-1,-1,0,0,0
'1731041632901,'2024-11-08 15:53:52.901,0,200,-1,-1,-1,-1,0,0,0
'1731041632918,'2024-11-08 15:53:52.918,0,200,-1,-1,-1,-1,0,0,0
'1731041632927,'2024-11-08 15:53:52.927,0,200,-1,-1,-1,-1,0,0,0
'1731041632936,'2024-11-08 15:53:52.936,0,200,-1,-1,-1,-1,0,0,0
'1731041632945,'2024-11-08 15:53:52.945,0,200,-1,-1,-1,-1,0,0,0
'1731041632954,'2024-11-08 15:53:52.954,0,200,-1,-1,-1,-1,0,0,0
'1731041632971,'2024-11-08 15:53:52.971,0,200,-1,-1,-1,-1,0,0,0
'1731041632979,'2024-11-08 15:53:52.979,0,200,-1,-1,-1,-1,0,0,0
'1731041632987,'2024-11-08 15:53:52.987,0,200,-1,-1,-1,-1,0,0,0
'1731041632996,'2024-11-08 15:53:52.996,0,200,-1,-1,-1,-1,0,0,0
'1731041633004,'2024-11-08 15:53:53.004,0,200,-1,-1,-1,-1,0,0,0
'1731041633012,'2024-11-08 15:53:53.012,0,200,-1,-1,-1,-1,0,0,0
'1731041633020,'2024-11-08 15:53:53.020,0,200,-1,-1,-1,-1,0,0,0
'1731041633037,'2024-11-08 15:53:53.037,0,200,-1,-1,-1,-1,0,0,0
'1731041633046,'2024-11-08 15:53:53.046,0,200,-1,-1,-1,-1,0,0,0
'1731041633054,'2024-11-08 15:53:53.054,0,200,-1,-1,-1,-1,0,0,0
'1731041633072,'2024-11-08 15:53:53.072,0,200,-1,-1,-1,-1,0,0,0
'1731041633080,'2024-11-08 15:53:53.080,0,200,-1,-1,-1,-1,0,0,0
'1731041633096,'2024-11-08 15:53:53.096,0,200,-1,-1,-1,-1,0,0,0
'1731041633104,'2024-11-08 15:53:53.104,0,200,-1,-1,-1,-1,0,0,0
'1731041633113,'2024-11-08 15:53:53.113,0,200,-1,-1,-1,-1,0,0,0
'1731041633121,'2024-11-08 15:53:53.121,0,200,-1,-1,-1,-1,0,0,0
'1731041633130,'2024-11-08 15:53:53.130,0,200,-1,-1,-1,-1,0,0,0
'1731041633139,'2024-11-08 15:53:53.139,0,200,-1,-1,-1,-1,0,0,0
'1731041633155,'2024-11-08 15:53:53.155,0,200,-1,-1,-1,-1,0,0,0
'1731041633172,'2024-11-08 15:53:53.172,0,200,-1,-1,-1,-1,0,0,0
'1731041633181,'2024-11-08 15:53:53.181,0,200,-1,-1,-1,-1,0,0,0
'1731041633189,'2024-11-08 15:53:53.189,0,200,-1,-1,-1,-1,0,0,0
'1731041633197,'2024-11-08 15:53:53.197,0,200,-1,-1,-1,-1,0,0,0
'1731041633205,'2024-11-08 15:53:53.205,0,200,-1,-1,-1,-1,0,0,0
'1731041633223,'2024-11-08 15:53:53.223,0,200,-1,-1,-1,-1,0,0,0
'1731041633232,'2024-11-08 15:53:53.232,0,200,-1,-1,-1,-1,0,0,0
'1731041633241,'2024-11-08 15:53:53.241,0,200,-1,-1,-1,-1,0,0,0
'1731041633258,'2024-11-08 15:53:53.258,0,200,-1,-1,-1,-1,0,0,0
'1731041633267,'2024-11-08 15:53:53.267,0,200,-1,-1,-1,-1,0,0,0
'1731041633275,'2024-11-08 15:53:53.275,0,200,-1,-1,-1,-1,0,0,0
'1731041633284,'2024-11-08 15:53:53.284,0,200,-1,-1,-1,-1,0,0,0
'1731041633292,'2024-11-08 15:53:53.292,0,200,-1,-1,-1,-1,0,0,0
'1731041633310,'2024-11-08 15:53:53.310,0,200,-1,-1,-1,-1,0,0,0
'1731041633318,'2024-11-08 15:53:53.318,0,200,-1,-1,-1,-1,0,0,0
'1731041633327,'2024-11-08 15:53:53.327,0,200,-1,-1,-1,-1,0,0,0
'1731041633343,'2024-11-08 15:53:53.343,0,200,-1,-1,-1,-1,0,0,0
'1731041633352,'2024-11-08 15:53:53.352,0,200,-1,-1,-1,-1,0,0,0
'1731041633360,'2024-11-08 15:53:53.360,0,200,-1,-1,-1,-1,0,0,0
'1731041633368,'2024-11-08 15:53:53.368,0,200,-1,-1,-1,-1,0,0,0
'1731041633385,'2024-11-08 15:53:53.385,0,200,-1,-1,-1,-1,0,0,0
'1731041633393,'2024-11-08 15:53:53.393,0,200,-1,-1,-1,-1,0,0,0
'1731041633401,'2024-11-08 15:53:53.401,0,200,-1,-1,-1,-1,0,0,0
'1731041633418,'2024-11-08 15:53:53.418,0,200,-1,-1,-1,-1,0,0,0
'1731041633426,'2024-11-08 15:53:53.426,0,200,-1,-1,-1,-1,0,0,0
'1731041633434,'2024-11-08 15:53:53.434,0,200,-1,-1,-1,-1,0,0,0
'1731041633443,'2024-11-08 15:53:53.443,0,200,-1,-1,-1,-1,0,0,0
'1731041633460,'2024-11-08 15:53:53.460,0,200,-1,-1,-1,-1,0,0,0
'1731041633468,'2024-11-08 15:53:53.468,0,200,-1,-1,-1,-1,0,0,0
'1731041633486,'2024-11-08 15:53:53.486,0,200,-1,-1,-1,-1,0,0,0
'1731041633503,'2024-11-08 15:53:53.503,0,200,-1,-1,-1,-1,0,0,0
'1731041633511,'2024-11-08 15:53:53.511,0,200,-1,-1,-1,-1,0,0,0
'1731041633528,'2024-11-08 15:53:53.528,0,200,-1,-1,-1,-1,0,0,0
'1731041633546,'2024-11-08 15:53:53.546,0,200,-1,-1,-1,-1,0,0,0
'1731041633554,'2024-11-08 15:53:53.554,0,200,-1,-1,-1,-1,0,0,0
'1731041633563,'2024-11-08 15:53:53.563,0,200,-1,-1,-1,-1,0,0,0
'1731041633572,'2024-11-08 15:53:53.572,0,200,-1,-1,-1,-1,0,0,0
'1731041633590,'2024-11-08 15:53:53.590,0,200,-1,-1,-1,-1,0,0,0
'1731041633599,'2024-11-08 15:53:53.599,0,200,-1,-1,-1,-1,0,0,0
'1731041633617,'2024-11-08 15:53:53.617,0,200,-1,-1,-1,-1,0,0,0
'1731041633626,'2024-11-08 15:53:53.626,0,200,-1,-1,-1,-1,0,0,0
'1731041633634,'2024-11-08 15:53:53.634,0,200,-1,-1,-1,-1,0,0,0
'1731041633650,'2024-11-08 15:53:53.650,0,200,-1,-1,-1,-1,0,0,0
'1731041633659,'2024-11-08 15:53:53.659,0,200,-1,-1,-1,-1,0,0,0
'1731041633668,'2024-11-08 15:53:53.668,0,200,-1,-1,-1,-1,0,0,0
'1731041633685,'2024-11-08 15:53:53.685,0,200,-1,-1,-1,-1,0,0,0
'1731041633694,'2024-11-08 15:53:53.694,0,200,-1,-1,-1,-1,0,0,0
'1731041633703,'2024-11-08 15:53:53.703,0,200,-1,-1,-1,-1,0,0,0
'1731041633720,'2024-11-08 15:53:53.720,0,200,-1,-1,-1,-1,0,0,0
'1731041633729,'2024-11-08 15:53:53.729,0,200,-1,-1,-1,-1,0,0,0
'1731041633746,'2024-11-08 15:53:53.746,0,200,-1,-1,-1,-1,0,0,0
'1731041633754,'2024-11-08 15:53:53.754,0,200,-1,-1,-1,-1,0,0,0
'1731041633762,'2024-11-08 15:53:53.762,0,200,-1,-1,-1,-1,0,0,0
'1731041633780,'2024-11-08 15:53:53.780,0,200,-1,-1,-1,-1,0,0,0
'1731041633806,'2024-11-08 15:53:53.806,0,200,-1,-1,-1,-1,0,0,0
'1731041633815,'2024-11-08 15:53:53.815,0,200,-1,-1,-1,-1,0,0,0
'1731041633823,'2024-11-08 15:53:53.823,0,200,-1,-1,-1,-1,0,0,0
'1731041633842,'2024-11-08 15:53:53.842,0,200,-1,-1,-1,-1,0,0,0
'1731041633850,'2024-11-08 15:53:53.850,0,200,-1,-1,-1,-1,0,0,0
'1731041633859,'2024-11-08 15:53:53.859,0,200,-1,-1,-1,-1,0,0,0
'1731041633875,'2024-11-08 15:53:53.875,0,200,-1,-1,-1,-1,0,0,0
'1731041633884,'2024-11-08 15:53:53.884,0,200,-1,-1,-1,-1,0,0,0
'1731041633893,'2024-11-08 15:53:53.893,0,200,-1,-1,-1,-1,0,0,0
'1731041633910,'2024-11-08 15:53:53.910,0,200,-1,-1,-1,-1,0,0,0
'1731041633918,'2024-11-08 15:53:53.918,0,200,-1,-1,-1,-1,0,0,0
'1731041633944,'2024-11-08 15:53:53.944,0,200,-1,-1,-1,-1,0,0,0
'1731041633952,'2024-11-08 15:53:53.952,0,200,-1,-1,-1,-1,0,0,0
'1731041633971,'2024-11-08 15:53:53.971,0,200,-1,-1,-1,-1,0,0,0
'1731041633979,'2024-11-08 15:53:53.979,0,200,-1,-1,-1,-1,0,0,0
'1731041633988,'2024-11-08 15:53:53.988,0,200,-1,-1,-1,-1,0,0,0
'1731041633997,'2024-11-08 15:53:53.997,0,200,-1,-1,-1,-1,0,0,0
'1731041634005,'2024-11-08 15:53:54.005,0,200,-1,-1,-1,-1,0,0,0
'1731041634040,'2024-11-08 15:53:54.040,0,200,-1,-1,-1,-1,0,0,0
